split,filename,class_id,class_name,object_index,case_type,image_size,center_x,center_y,size,angle,geometry_points,shape_extent,background_b,background_g,background_r,shape_b,shape_g,shape_r,x_min,y_min,x_max,y_max,hard_case,near_edge
train,images/train/circle_000.jpg,0,circle,0,single,640,304.0,452.0,202,25.0,[],101,234,241,220,97,52,51,203,351,405,553,0,0
train,images/train/circle_001.jpg,0,circle,0,single,640,412.0,341.0,219,171.0,[],109,232,227,209,78,80,42,303,232,521,450,0,0
train,images/train/circle_002.jpg,0,circle,0,single,640,480.0,473.0,234,308.0,[],117,223,226,232,26,85,80,363,356,597,590,0,0
train,images/train/circle_003.jpg,0,circle,0,single,640,254.0,392.0,183,240.0,[],91,219,239,227,86,28,86,163,301,345,483,0,0
train,images/train/circle_004.jpg,0,circle,0,single,640,480.0,141.0,195,15.0,[],97,235,219,224,87,49,68,383,44,577,238,0,0
train,images/train/circle_005.jpg,0,circle,0,single,640,242.0,134.0,169,180.0,[],84,217,218,216,74,102,41,158,50,326,218,0,0
train,images/train/circle_006.jpg,0,circle,0,single,640,415.0,159.0,207,156.0,[],103,245,245,223,74,94,89,312,56,518,262,0,0
train,images/train/circle_007.jpg,0,circle,0,single,640,393.0,204.0,193,155.0,[],96,244,233,240,69,66,74,297,108,489,300,0,0
train,images/train/circle_008.jpg,0,circle,0,single,640,184.0,339.0,186,151.0,[],93,213,242,241,44,45,95,91,246,277,432,0,0
train,images/train/circle_009.jpg,0,circle,0,single,640,472.0,371.0,233,36.0,[],116,223,220,235,65,79,87,356,255,588,487,0,0
train,images/train/circle_010.jpg,0,circle,0,single,640,351.0,410.0,203,114.0,[],101,227,239,214,74,68,42,250,309,452,511,0,0
train,images/train/circle_011.jpg,0,circle,0,single,640,314.0,177.0,229,25.0,[],114,209,225,240,57,53,45,200,63,428,291,0,0
train,images/train/circle_012.jpg,0,circle,0,single,640,541.0,255.0,173,88.0,[],86,235,207,226,40,35,48,455,169,627,341,0,0
train,images/train/circle_013.jpg,0,circle,0,single,640,394.0,316.0,175,134.0,[],87,245,221,221,87,88,97,307,229,481,403,0,0
train,images/train/circle_014.jpg,0,circle,0,single,640,426.0,367.0,235,165.0,[],117,218,233,235,43,50,96,309,250,543,484,0,0
train,images/train/circle_015.jpg,0,circle,0,single,640,368.0,189.0,200,258.0,[],100,245,222,210,71,66,62,268,89,468,289,0,0
train,images/train/circle_016.jpg,0,circle,0,single,640,318.0,512.0,193,264.0,[],96,242,223,222,91,56,49,222,416,414,608,0,0
train,images/train/circle_017.jpg,0,circle,0,single,640,279.0,512.0,158,327.0,[],79,216,209,224,87,41,37,200,433,358,591,0,0
train,images/train/circle_018.jpg,0,circle,0,single,640,146.0,210.0,187,214.0,[],93,219,245,218,92,27,91,53,117,239,303,0,0
train,images/train/circle_019.jpg,0,circle,0,single,640,257.0,135.0,167,281.0,[],83,216,233,226,74,26,38,174,52,340,218,0,0
train,images/train/circle_020.jpg,0,circle,0,single,640,478.0,203.0,197,222.0,[],98,229,230,227,34,34,86,380,105,576,301,0,0
train,images/train/circle_021.jpg,0,circle,0,single,640,291.0,384.0,181,239.0,[],90,226,222,243,47,28,72,201,294,381,474,0,0
train,images/train/circle_022.jpg,0,circle,0,single,640,109.0,179.0,157,87.0,[],78,237,237,245,71,68,67,31,101,187,257,0,0
train,images/train/circle_023.jpg,0,circle,0,single,640,428.0,334.0,220,277.0,[],110,205,229,218,55,93,74,318,224,538,444,0,0
train,images/train/circle_024.jpg,0,circle,0,single,640,286.0,487.0,208,250.0,[],104,227,235,231,87,78,41,182,383,390,591,0,0
train,images/train/circle_025.jpg,0,circle,0,single,640,279.0,368.0,197,318.0,[],98,229,237,211,75,38,48,181,270,377,466,0,0
train,images/train/circle_026.jpg,0,circle,0,single,640,173.0,464.0,178,254.0,[],89,240,244,234,74,48,61,84,375,262,553,0,0
train,images/train/circle_027.jpg,0,circle,0,single,640,353.0,131.0,210,220.0,[],105,234,241,232,53,32,87,248,26,458,236,0,0
train,images/train/circle_028.jpg,0,circle,0,single,640,270.0,430.0,193,263.0,[],96,236,232,215,40,43,58,174,334,366,526,0,0
train,images/train/circle_029.jpg,0,circle,0,single,640,179.0,147.0,202,58.0,[],101,208,240,244,72,48,26,78,46,280,248,0,0
train,images/train/circle_030.jpg,0,circle,0,single,640,177.0,515.0,172,10.0,[],86,232,227,227,69,30,41,91,429,263,601,0,0
train,images/train/circle_031.jpg,0,circle,0,single,640,153.0,460.0,229,342.0,[],114,243,207,242,62,50,54,39,346,267,574,0,0
train,images/train/circle_032.jpg,0,circle,0,single,640,393.0,397.0,160,101.0,[],80,210,233,224,98,98,80,313,317,473,477,0,0
train,images/train/circle_033.jpg,0,circle,0,single,640,457.0,262.0,178,150.0,[],89,209,212,231,44,33,43,368,173,546,351,0,0
train,images/train/circle_034.jpg,0,circle,0,single,640,247.0,369.0,239,64.0,[],119,224,223,217,30,27,96,128,250,366,488,0,0
train,images/train/circle_035.jpg,0,circle,0,single,640,293.0,259.0,153,5.0,[],76,215,231,227,59,65,71,217,183,369,335,0,0
train,images/train/circle_036.jpg,0,circle,0,single,640,318.0,473.0,225,43.0,[],112,206,221,224,99,104,93,206,361,430,585,0,0
train,images/train/circle_037.jpg,0,circle,0,single,640,183.0,191.0,154,151.0,[],77,238,208,218,54,65,55,106,114,260,268,0,0
train,images/train/circle_038.jpg,0,circle,0,single,640,344.0,439.0,233,238.0,[],116,224,216,205,54,40,102,228,323,460,555,0,0
train,images/train/circle_039.jpg,0,circle,0,single,640,343.0,388.0,189,267.0,[],94,221,213,218,88,27,38,249,294,437,482,0,0
train,images/train/circle_040.jpg,0,circle,0,single,640,301.0,502.0,154,63.0,[],77,226,232,235,25,40,27,224,425,378,579,0,0
train,images/train/circle_041.jpg,0,circle,0,single,640,541.0,400.0,173,289.0,[],86,209,207,241,20,68,67,455,314,627,486,0,0
train,images/train/circle_042.jpg,0,circle,0,single,640,304.0,212.0,152,347.0,[],76,205,236,225,99,43,36,228,136,380,288,0,0
train,images/train/circle_043.jpg,0,circle,0,single,640,232.0,339.0,169,261.0,[],84,220,207,206,77,84,71,148,255,316,423,0,0
train,images/train/circle_044.jpg,0,circle,0,single,640,512.0,169.0,155,3.0,[],77,214,215,233,91,71,98,435,92,589,246,0,0
train,images/train/circle_045.jpg,0,circle,0,single,640,127.0,379.0,176,234.0,[],88,234,213,225,35,90,94,39,291,215,467,0,0
train,images/train/circle_046.jpg,0,circle,0,single,640,139.0,203.0,205,87.0,[],102,222,222,229,52,81,37,37,101,241,305,0,0
train,images/train/circle_047.jpg,0,circle,0,single,640,132.0,221.0,204,249.0,[],102,205,235,226,32,65,76,30,119,234,323,0,0
train,images/train/circle_048.jpg,0,circle,0,single,640,373.0,388.0,228,25.0,[],114,205,242,228,59,54,53,259,274,487,502,0,0
train,images/train/circle_049.jpg,0,circle,0,single,640,277.0,327.0,200,26.0,[],100,236,238,244,46,58,74,177,227,377,427,0,0
train,images/train/circle_050.jpg,0,circle,0,single,640,510.0,359.0,223,295.0,[],111,235,245,213,20,91,104,399,248,621,470,0,0
train,images/train/circle_051.jpg,0,circle,0,single,640,457.0,209.0,201,131.0,[],100,237,233,212,101,95,97,357,109,557,309,0,0
train,images/train/circle_052.jpg,0,circle,0,single,640,348.0,294.0,224,335.0,[],112,241,222,226,24,79,78,236,182,460,406,0,0
train,images/train/circle_053.jpg,0,circle,0,single,640,334.0,188.0,199,202.0,[],99,214,213,210,63,36,62,235,89,433,287,0,0
train,images/train/circle_054.jpg,0,circle,0,single,640,476.0,274.0,186,262.0,[],93,233,217,227,90,59,102,383,181,569,367,0,0
train,images/train/circle_055.jpg,0,circle,0,single,640,461.0,287.0,222,266.0,[],111,210,239,230,72,32,35,350,176,572,398,0,0
train,images/train/circle_056.jpg,0,circle,0,single,640,464.0,396.0,226,323.0,[],113,229,222,210,50,37,52,351,283,577,509,0,0
train,images/train/circle_057.jpg,0,circle,0,single,640,523.0,141.0,191,66.0,[],95,218,222,243,72,92,33,428,46,618,236,0,0
train,images/train/circle_058.jpg,0,circle,0,single,640,490.0,221.0,222,88.0,[],111,208,241,244,60,63,58,379,110,601,332,0,0
train,images/train/circle_059.jpg,0,circle,0,single,640,473.0,309.0,156,175.0,[],78,216,221,231,85,74,95,395,231,551,387,0,0
train,images/train/triangle_000.jpg,1,triangle,0,single,640,376.0,363.0,240,56.0,"[[491, 285], [386, 502], [251, 302]]",165,219,238,220,24,77,23,251,285,491,502,0,0
train,images/train/triangle_001.jpg,1,triangle,0,single,640,297.0,485.0,207,107.0,"[[412, 520], [209, 567], [270, 368]]",146,220,223,226,98,55,28,209,368,412,567,0,0
train,images/train/triangle_002.jpg,1,triangle,0,single,640,345.0,441.0,186,257.0,"[[240, 465], [377, 338], [419, 520]]",133,235,222,216,85,32,46,240,338,419,520,0,0
train,images/train/triangle_003.jpg,1,triangle,0,single,640,397.0,251.0,221,89.0,"[[525, 249], [335, 363], [331, 141]]",154,245,237,234,68,44,25,331,141,525,363,0,0
train,images/train/triangle_004.jpg,1,triangle,0,single,640,372.0,365.0,154,5.0,"[[380, 276], [445, 416], [291, 403]]",115,233,231,229,28,58,102,291,276,445,416,0,0
train,images/train/triangle_005.jpg,1,triangle,0,single,640,309.0,392.0,222,15.0,"[[342, 268], [400, 483], [185, 425]]",154,222,213,241,98,93,41,185,268,400,483,0,0
train,images/train/triangle_006.jpg,1,triangle,0,single,640,450.0,465.0,234,220.0,"[[363, 569], [404, 337], [584, 489]]",161,225,245,235,67,22,52,363,337,584,569,0,0
train,images/train/triangle_007.jpg,1,triangle,0,single,640,305.0,482.0,173,265.0,"[[205, 491], [347, 391], [363, 564]]",126,224,207,212,72,61,102,205,391,363,564,0,0
train,images/train/triangle_008.jpg,1,triangle,0,single,640,235.0,218.0,168,157.0,"[[273, 308], [138, 206], [294, 140]]",123,208,209,243,50,87,50,138,140,294,308,0,0
train,images/train/triangle_009.jpg,1,triangle,0,single,640,387.0,256.0,210,262.0,"[[266, 273], [433, 143], [462, 352]]",147,237,213,211,47,59,29,266,143,462,352,0,0
train,images/train/triangle_010.jpg,1,triangle,0,single,640,329.0,406.0,233,118.0,"[[448, 469], [214, 478], [324, 271]]",161,244,218,231,23,95,37,214,271,448,478,0,0
train,images/train/triangle_011.jpg,1,triangle,0,single,640,300.0,346.0,170,282.0,"[[204, 325], [366, 273], [330, 440]]",124,242,222,223,74,37,94,204,273,366,440,0,0
train,images/train/triangle_012.jpg,1,triangle,0,single,640,277.0,169.0,160,309.0,"[[205, 111], [364, 136], [262, 261]]",118,230,206,233,93,76,102,205,111,364,261,0,0
train,images/train/triangle_013.jpg,1,triangle,0,single,640,273.0,245.0,153,65.0,"[[353, 207], [265, 333], [200, 194]]",114,235,219,219,24,94,67,200,194,353,333,0,0
train,images/train/triangle_014.jpg,1,triangle,0,single,640,287.0,434.0,192,239.0,"[[192, 491], [285, 323], [384, 488]]",137,241,233,205,74,31,23,192,323,384,491,0,0
train,images/train/triangle_015.jpg,1,triangle,0,single,640,337.0,339.0,190,157.0,"[[380, 440], [228, 326], [403, 251]]",136,236,237,238,104,41,87,228,251,403,440,0,0
train,images/train/triangle_016.jpg,1,triangle,0,single,640,242.0,467.0,238,307.0,"[[132, 384], [369, 413], [225, 604]]",164,235,233,214,89,71,49,132,384,369,604,0,0
train,images/train/triangle_017.jpg,1,triangle,0,single,640,389.0,254.0,211,335.0,"[[337, 143], [511, 265], [319, 354]]",148,242,234,228,102,79,56,319,143,511,354,0,0
train,images/train/triangle_018.jpg,1,triangle,0,single,640,264.0,218.0,237,198.0,"[[222, 349], [172, 116], [398, 189]]",163,208,235,212,98,47,84,172,116,398,349,0,0
train,images/train/triangle_019.jpg,1,triangle,0,single,640,292.0,364.0,187,74.0,"[[396, 334], [266, 469], [214, 289]]",134,236,205,212,87,96,87,214,289,396,469,0,0
train,images/train/triangle_020.jpg,1,triangle,0,single,640,458.0,335.0,165,151.0,"[[504, 419], [362, 333], [507, 253]]",121,226,226,245,65,73,89,362,253,507,419,0,0
train,images/train/triangle_021.jpg,1,triangle,0,single,640,414.0,281.0,202,142.0,"[[486, 373], [298, 297], [458, 172]]",143,237,226,244,86,68,52,298,172,486,373,0,0
train,images/train/triangle_022.jpg,1,triangle,0,single,640,180.0,198.0,188,98.0,"[[288, 213], [113, 284], [139, 97]]",135,245,243,212,33,64,80,113,97,288,284,0,0
train,images/train/triangle_023.jpg,1,triangle,0,single,640,336.0,297.0,235,251.0,"[[207, 341], [362, 163], [439, 386]]",162,211,211,206,91,85,67,207,163,439,386,0,0
train,images/train/triangle_024.jpg,1,triangle,0,single,640,286.0,371.0,186,77.0,"[[391, 347], [254, 474], [212, 292]]",133,223,238,215,67,89,26,212,292,391,474,0,0
train,images/train/triangle_025.jpg,1,triangle,0,single,640,279.0,462.0,231,236.0,"[[168, 537], [270, 328], [399, 521]]",159,216,205,242,31,35,45,168,328,399,537,0,0
train,images/train/triangle_026.jpg,1,triangle,0,single,640,438.0,239.0,215,335.0,"[[385, 126], [562, 250], [366, 341]]",150,235,232,225,41,41,80,366,126,562,341,0,0
train,images/train/triangle_027.jpg,1,triangle,0,single,640,356.0,220.0,182,74.0,"[[457, 191], [330, 322], [280, 147]]",131,238,217,226,53,34,45,280,147,457,322,0,0
train,images/train/triangle_028.jpg,1,triangle,0,single,640,487.0,271.0,164,103.0,"[[580, 292], [422, 341], [459, 180]]",121,211,245,214,80,43,59,422,180,580,341,0,0
train,images/train/triangle_029.jpg,1,triangle,0,single,640,426.0,447.0,212,302.0,"[[322, 382], [535, 389], [422, 570]]",148,222,211,238,29,31,67,322,382,535,570,0,0
train,images/train/triangle_030.jpg,1,triangle,0,single,640,243.0,338.0,190,316.0,"[[166, 259], [350, 311], [213, 444]]",136,240,206,244,61,39,93,166,259,350,444,0,0
train,images/train/triangle_031.jpg,1,triangle,0,single,640,363.0,264.0,219,285.0,"[[240, 231], [453, 174], [396, 387]]",153,242,214,236,95,20,35,240,174,453,387,0,0
train,images/train/triangle_032.jpg,1,triangle,0,single,640,190.0,371.0,170,81.0,"[[287, 356], [155, 463], [128, 294]]",124,237,227,225,69,53,64,128,294,287,463,0,0
train,images/train/triangle_033.jpg,1,triangle,0,single,640,282.0,361.0,188,27.0,"[[332, 264], [341, 452], [173, 367]]",135,224,207,239,26,27,89,173,264,341,452,0,0
train,images/train/triangle_034.jpg,1,triangle,0,single,640,174.0,436.0,209,316.0,"[[90, 349], [292, 407], [141, 553]]",147,238,217,211,96,97,44,90,349,292,553,0,0
train,images/train/triangle_035.jpg,1,triangle,0,single,640,333.0,309.0,172,90.0,"[[433, 309], [283, 395], [283, 223]]",125,230,238,229,58,97,48,283,223,433,395,0,0
train,images/train/triangle_036.jpg,1,triangle,0,single,640,189.0,324.0,201,254.0,"[[77, 356], [217, 211], [273, 405]]",142,239,223,234,25,85,30,77,211,273,405,0,0
train,images/train/triangle_037.jpg,1,triangle,0,single,640,292.0,360.0,184,135.0,"[[367, 435], [189, 388], [320, 257]]",132,209,213,220,86,76,46,189,257,367,435,0,0
train,images/train/triangle_038.jpg,1,triangle,0,single,640,464.0,290.0,181,344.0,"[[435, 189], [566, 315], [391, 366]]",130,219,241,244,36,41,41,391,189,566,366,0,0
train,images/train/triangle_039.jpg,1,triangle,0,single,640,218.0,303.0,178,343.0,"[[188, 204], [319, 326], [148, 379]]",129,209,213,243,78,53,86,148,204,319,379,0,0
train,images/train/triangle_040.jpg,1,triangle,0,single,640,206.0,311.0,166,359.0,"[[204, 215], [290, 358], [123, 361]]",122,245,217,210,99,88,35,123,215,290,361,0,0
train,images/train/triangle_041.jpg,1,triangle,0,single,640,152.0,173.0,169,190.0,"[[135, 270], [77, 110], [244, 139]]",124,238,214,227,24,84,72,77,110,244,270,0,0
train,images/train/triangle_042.jpg,1,triangle,0,single,640,374.0,413.0,202,313.0,"[[288, 333], [486, 379], [348, 527]]",143,217,205,222,25,30,32,288,333,486,527,0,0
train,images/train/triangle_043.jpg,1,triangle,0,single,640,346.0,210.0,237,191.0,"[[320, 345], [242, 120], [476, 165]]",163,219,221,206,64,46,101,242,120,476,345,0,0
train,images/train/triangle_044.jpg,1,triangle,0,single,640,356.0,356.0,152,315.0,"[[294, 294], [441, 333], [333, 441]]",114,210,223,237,93,66,31,294,294,441,441,0,0
train,images/train/triangle_045.jpg,1,triangle,0,single,640,484.0,273.0,169,133.0,"[[556, 340], [390, 302], [506, 177]]",124,228,218,211,101,74,56,390,177,556,340,0,0
train,images/train/triangle_046.jpg,1,triangle,0,single,640,314.0,473.0,214,92.0,"[[438, 477], [248, 578], [256, 363]]",150,229,238,238,57,100,72,248,363,438,578,0,0
train,images/train/triangle_047.jpg,1,triangle,0,single,640,351.0,230.0,222,203.0,"[[301, 349], [274, 127], [479, 214]]",154,235,211,242,45,73,59,274,127,479,349,0,0
train,images/train/triangle_048.jpg,1,triangle,0,single,640,457.0,216.0,169,48.0,"[[530, 150], [477, 312], [364, 186]]",124,231,241,241,62,55,88,364,150,530,312,0,0
train,images/train/triangle_049.jpg,1,triangle,0,single,640,153.0,373.0,190,230.0,"[[69, 444], [134, 264], [257, 411]]",136,223,245,235,51,32,33,69,264,257,444,0,0
train,images/train/triangle_050.jpg,1,triangle,0,single,640,288.0,308.0,202,159.0,"[[330, 417], [172, 290], [362, 217]]",143,242,211,214,39,70,86,172,217,362,417,0,0
train,images/train/triangle_051.jpg,1,triangle,0,single,640,381.0,336.0,196,215.0,"[[316, 429], [333, 233], [494, 346]]",139,218,234,219,75,99,72,316,233,494,429,0,0
train,images/train/triangle_052.jpg,1,triangle,0,single,640,366.0,208.0,176,50.0,"[[444, 142], [384, 309], [270, 173]]",128,245,219,207,53,25,82,270,142,444,309,0,0
train,images/train/triangle_053.jpg,1,triangle,0,single,640,441.0,448.0,174,67.0,"[[534, 409], [429, 548], [360, 387]]",126,206,219,218,78,24,87,360,387,534,548,0,0
train,images/train/triangle_054.jpg,1,triangle,0,single,640,403.0,155.0,208,57.0,"[[504, 89], [409, 275], [296, 100]]",146,241,208,209,63,76,97,296,89,504,275,0,0
train,images/train/triangle_055.jpg,1,triangle,0,single,640,393.0,353.0,221,132.0,"[[488, 439], [271, 393], [420, 228]]",154,243,228,222,82,84,36,271,228,488,439,0,0
train,images/train/triangle_056.jpg,1,triangle,0,single,640,247.0,500.0,173,242.0,"[[158, 547], [251, 400], [332, 553]]",126,229,218,234,40,72,37,158,400,332,553,0,0
train,images/train/triangle_057.jpg,1,triangle,0,single,640,166.0,437.0,164,156.0,"[[205, 524], [71, 427], [222, 360]]",121,234,228,212,84,65,29,71,360,222,524,0,0
train,images/train/triangle_058.jpg,1,triangle,0,single,640,445.0,402.0,201,198.0,"[[409, 513], [367, 315], [559, 378]]",142,239,218,228,41,79,90,367,315,559,513,0,0
train,images/train/triangle_059.jpg,1,triangle,0,single,640,319.0,407.0,216,215.0,"[[247, 510], [266, 293], [444, 418]]",151,207,228,223,39,29,77,247,293,444,510,0,0
train,images/train/square_000.jpg,2,square,0,single,640,283.0,175.0,198,277.0,"[[173, 261], [197, 65], [393, 89], [369, 285]]",166,239,241,238,37,41,30,173,65,393,285,0,0
train,images/train/square_001.jpg,2,square,0,single,640,267.0,411.0,183,146.0,"[[394, 436], [242, 538], [140, 386], [292, 284]]",155,240,211,225,98,69,26,140,284,394,538,0,0
train,images/train/square_002.jpg,2,square,0,single,640,260.0,345.0,191,122.0,"[[392, 315], [290, 477], [128, 375], [230, 213]]",161,218,232,232,59,58,25,128,213,392,477,0,0
train,images/train/square_003.jpg,2,square,0,single,640,199.0,316.0,214,177.0,"[[311, 417], [98, 428], [87, 215], [300, 204]]",177,233,207,243,83,49,36,87,204,311,428,0,0
train,images/train/square_004.jpg,2,square,0,single,640,299.0,239.0,170,57.0,"[[324, 121], [417, 264], [274, 357], [181, 214]]",146,228,227,217,37,55,51,181,121,417,357,0,0
train,images/train/square_005.jpg,2,square,0,single,640,282.0,224.0,223,222.0,"[[290, 381], [125, 232], [274, 67], [439, 216]]",183,226,245,206,101,28,101,125,67,439,381,0,0
train,images/train/square_006.jpg,2,square,0,single,640,368.0,246.0,179,153.0,"[[488, 285], [329, 366], [248, 207], [407, 126]]",152,205,221,224,100,70,51,248,126,488,366,0,0
train,images/train/square_007.jpg,2,square,0,single,640,251.0,428.0,174,23.0,"[[205, 314], [365, 382], [297, 542], [137, 474]]",149,217,212,217,75,41,90,137,314,365,542,0,0
train,images/train/square_008.jpg,2,square,0,single,640,384.0,443.0,171,50.0,"[[395, 323], [504, 454], [373, 563], [264, 432]]",146,241,211,215,56,59,55,264,323,504,563,0,0
train,images/train/square_009.jpg,2,square,0,single,640,222.0,209.0,218,214.0,"[[251, 360], [71, 238], [193, 58], [373, 180]]",180,240,233,238,46,91,79,71,58,373,360,0,0
train,images/train/square_010.jpg,2,square,0,single,640,238.0,282.0,217,349.0,"[[111, 196], [324, 155], [365, 368], [152, 409]]",179,213,244,210,92,99,98,111,155,365,409,0,0
train,images/train/square_011.jpg,2,square,0,single,640,289.0,180.0,199,353.0,"[[178, 93], [376, 69], [400, 267], [202, 291]]",166,222,223,243,74,77,75,178,69,400,291,0,0
train,images/train/square_012.jpg,2,square,0,single,640,350.0,387.0,221,240.0,"[[310, 538], [199, 347], [390, 236], [501, 427]]",182,245,233,228,27,78,41,199,236,501,538,0,0
train,images/train/square_013.jpg,2,square,0,single,640,188.0,177.0,177,149.0,"[[309, 207], [158, 298], [67, 147], [218, 56]]",151,233,214,239,81,29,87,67,56,309,298,0,0
train,images/train/square_014.jpg,2,square,0,single,640,250.0,171.0,172,88.0,"[[333, 82], [339, 254], [167, 260], [161, 88]]",147,245,211,242,56,80,80,161,82,339,260,0,0
train,images/train/square_015.jpg,2,square,0,single,640,291.0,305.0,233,127.0,"[[454, 282], [314, 468], [128, 328], [268, 142]]",190,233,232,231,24,31,59,128,142,454,468,0,0
train,images/train/square_016.jpg,2,square,0,single,640,436.0,266.0,158,189.0,"[[502, 356], [346, 332], [370, 176], [526, 200]]",137,206,234,205,95,99,46,346,176,526,356,0,0
train,images/train/square_017.jpg,2,square,0,single,640,188.0,231.0,201,347.0,"[[67, 156], [263, 110], [309, 306], [113, 352]]",168,224,218,221,27,87,51,67,110,309,352,0,0
train,images/train/square_018.jpg,2,square,0,single,640,276.0,436.0,218,260.0,"[[188, 562], [150, 348], [364, 310], [402, 524]]",180,228,244,220,64,96,74,150,310,402,562,0,0
train,images/train/square_019.jpg,2,square,0,single,640,289.0,239.0,164,88.0,"[[368, 154], [374, 318], [210, 324], [204, 160]]",141,215,219,215,97,103,56,204,154,374,324,0,0
train,images/train/square_020.jpg,2,square,0,single,640,219.0,321.0,227,127.0,"[[378, 299], [241, 480], [60, 343], [197, 162]]",186,214,240,237,48,26,59,60,162,378,480,0,0
train,images/train/square_021.jpg,2,square,0,single,640,212.0,381.0,166,122.0,"[[326, 355], [238, 495], [98, 407], [186, 267]]",143,240,218,223,77,22,46,98,267,326,495,0,0
train,images/train/square_022.jpg,2,square,0,single,640,294.0,452.0,201,103.0,"[[415, 377], [369, 573], [173, 527], [219, 331]]",168,215,243,238,52,93,82,173,331,415,573,0,0
train,images/train/square_023.jpg,2,square,0,single,640,214.0,378.0,197,139.0,"[[353, 388], [204, 517], [75, 368], [224, 239]]",165,238,234,237,69,90,43,75,239,353,517,0,0
train,images/train/square_024.jpg,2,square,0,single,640,340.0,276.0,218,0.0,"[[231, 167], [449, 167], [449, 385], [231, 385]]",180,214,210,229,83,95,44,231,167,449,385,0,0
train,images/train/square_025.jpg,2,square,0,single,640,281.0,269.0,212,239.0,"[[245, 414], [136, 233], [317, 124], [426, 305]]",175,210,243,228,22,27,42,136,124,426,414,0,0
train,images/train/square_026.jpg,2,square,0,single,640,330.0,286.0,238,301.0,"[[167, 327], [289, 123], [493, 245], [371, 449]]",194,209,209,217,70,20,31,167,123,493,449,0,0
train,images/train/square_027.jpg,2,square,0,single,640,360.0,244.0,178,332.0,"[[240, 207], [397, 124], [480, 281], [323, 364]]",151,240,223,221,95,89,98,240,124,480,364,0,0
train,images/train/square_028.jpg,2,square,0,single,640,406.0,324.0,207,18.0,"[[340, 194], [536, 258], [472, 454], [276, 390]]",172,220,239,224,60,30,74,276,194,536,454,0,0
train,images/train/square_029.jpg,2,square,0,single,640,321.0,347.0,197,30.0,"[[285, 212], [456, 311], [357, 482], [186, 383]]",165,229,205,235,48,49,94,186,212,456,482,0,0
train,images/train/square_030.jpg,2,square,0,single,640,279.0,253.0,230,142.0,"[[440, 273], [259, 414], [118, 233], [299, 92]]",188,239,209,221,81,87,93,118,92,440,414,0,0
train,images/train/square_031.jpg,2,square,0,single,640,377.0,362.0,191,74.0,"[[442, 244], [495, 427], [312, 480], [259, 297]]",161,205,216,232,59,47,31,259,244,495,480,0,0
train,images/train/square_032.jpg,2,square,0,single,640,258.0,264.0,191,63.0,"[[300, 136], [386, 306], [216, 392], [130, 222]]",161,226,214,244,104,48,102,130,136,386,392,0,0
train,images/train/square_033.jpg,2,square,0,single,640,366.0,242.0,187,53.0,"[[384, 111], [497, 260], [348, 373], [235, 224]]",158,239,245,221,63,32,47,235,111,497,373,0,0
train,images/train/square_034.jpg,2,square,0,single,640,187.0,268.0,204,355.0,"[[76, 175], [280, 157], [298, 361], [94, 379]]",170,245,238,237,81,75,84,76,157,298,379,0,0
train,images/train/square_035.jpg,2,square,0,single,640,300.0,432.0,213,55.0,"[[326, 284], [448, 458], [274, 580], [152, 406]]",176,236,217,208,102,91,50,152,284,448,580,0,0
train,images/train/square_036.jpg,2,square,0,single,640,308.0,396.0,167,325.0,"[[192, 375], [329, 280], [424, 417], [287, 512]]",144,230,234,244,56,95,76,192,280,424,512,0,0
train,images/train/square_037.jpg,2,square,0,single,640,211.0,362.0,231,88.0,"[[322, 243], [330, 473], [100, 481], [92, 251]]",189,243,239,222,53,72,65,92,243,330,481,0,0
train,images/train/square_038.jpg,2,square,0,single,640,476.0,404.0,153,83.0,"[[543, 319], [561, 471], [409, 489], [391, 337]]",134,235,236,237,64,70,72,391,319,561,489,0,0
train,images/train/square_039.jpg,2,square,0,single,640,274.0,187.0,201,182.0,"[[371, 291], [170, 284], [177, 83], [378, 90]]",168,221,215,218,30,40,92,170,83,378,291,0,0
train,images/train/square_040.jpg,2,square,0,single,640,302.0,369.0,231,168.0,"[[439, 458], [213, 506], [165, 280], [391, 232]]",189,222,215,242,67,50,77,165,232,439,506,0,0
train,images/train/square_041.jpg,2,square,0,single,640,226.0,438.0,165,285.0,"[[125, 496], [168, 337], [327, 380], [284, 539]]",142,215,212,236,26,62,68,125,337,327,539,0,0
train,images/train/square_042.jpg,2,square,0,single,640,316.0,368.0,240,33.0,"[[281, 202], [482, 333], [351, 534], [150, 403]]",195,232,239,211,61,72,93,150,202,482,534,0,0
train,images/train/square_043.jpg,2,square,0,single,640,246.0,176.0,191,135.0,"[[381, 176], [246, 311], [111, 176], [246, 41]]",161,232,239,221,41,32,30,111,41,381,311,0,0
train,images/train/square_044.jpg,2,square,0,single,640,338.0,285.0,168,94.0,"[[428, 207], [416, 375], [248, 363], [260, 195]]",144,242,217,238,20,102,32,248,195,428,375,0,0
train,images/train/square_045.jpg,2,square,0,single,640,393.0,288.0,210,291.0,"[[257, 348], [333, 152], [529, 228], [453, 424]]",174,238,243,212,60,99,101,257,152,529,424,0,0
train,images/train/square_046.jpg,2,square,0,single,640,257.0,262.0,166,187.0,"[[329, 354], [165, 334], [185, 170], [349, 190]]",143,228,208,221,68,81,94,165,170,349,354,0,0
train,images/train/square_047.jpg,2,square,0,single,640,318.0,159.0,155,224.0,"[[320, 269], [208, 161], [316, 49], [428, 157]]",135,211,234,222,54,92,25,208,49,428,269,0,0
train,images/train/square_048.jpg,2,square,0,single,640,411.0,276.0,186,68.0,"[[462, 155], [532, 327], [360, 397], [290, 225]]",157,237,225,227,103,102,52,290,155,532,397,0,0
train,images/train/square_049.jpg,2,square,0,single,640,424.0,304.0,191,96.0,"[[529, 219], [509, 409], [319, 389], [339, 199]]",161,232,230,205,50,25,73,319,199,529,409,0,0
train,images/train/square_050.jpg,2,square,0,single,640,326.0,335.0,225,285.0,"[[188, 415], [246, 197], [464, 255], [406, 473]]",185,236,228,216,77,23,50,188,197,464,473,0,0
train,images/train/square_051.jpg,2,square,0,single,640,290.0,294.0,225,76.0,"[[372, 158], [426, 376], [208, 430], [154, 212]]",185,221,222,216,43,76,80,154,158,426,430,0,0
train,images/train/square_052.jpg,2,square,0,single,640,313.0,363.0,234,215.0,"[[342, 526], [150, 392], [284, 200], [476, 334]]",191,219,226,226,57,86,68,150,200,476,526,0,0
train,images/train/square_053.jpg,2,square,0,single,640,246.0,201.0,168,132.0,"[[365, 195], [252, 320], [127, 207], [240, 82]]",144,230,220,220,85,25,104,127,82,365,320,0,0
train,images/train/square_054.jpg,2,square,0,single,640,488.0,275.0,155,234.0,"[[471, 383], [380, 258], [505, 167], [596, 292]]",135,205,206,215,61,87,35,380,167,596,383,0,0
train,images/train/square_055.jpg,2,square,0,single,640,226.0,350.0,153,193.0,"[[283, 442], [134, 407], [169, 258], [318, 293]]",134,243,207,232,46,52,56,134,258,318,442,0,0
train,images/train/square_056.jpg,2,square,0,single,640,382.0,348.0,199,4.0,"[[290, 242], [488, 256], [474, 454], [276, 440]]",166,217,207,232,49,25,43,276,242,488,454,0,0
train,images/train/square_057.jpg,2,square,0,single,640,375.0,342.0,214,291.0,"[[237, 404], [313, 204], [513, 280], [437, 480]]",177,207,223,216,67,48,72,237,204,513,480,0,0
train,images/train/square_058.jpg,2,square,0,single,640,237.0,170.0,157,217.0,"[[252, 280], [127, 185], [222, 60], [347, 155]]",137,230,235,216,24,89,25,127,60,347,280,0,0
train,images/train/square_059.jpg,2,square,0,single,640,231.0,278.0,170,327.0,"[[113, 253], [256, 160], [349, 303], [206, 396]]",146,225,237,240,31,94,62,113,160,349,396,0,0
val,images/val/circle_000.jpg,0,circle,0,single,640,136.0,414.0,217,168.0,[],108,210,230,228,33,92,76,28,306,244,522,0,0
val,images/val/circle_001.jpg,0,circle,0,single,640,344.0,159.0,152,190.0,[],76,232,221,206,69,51,51,268,83,420,235,0,0
val,images/val/circle_002.jpg,0,circle,0,single,640,152.0,148.0,236,48.0,[],118,218,230,206,79,28,48,34,30,270,266,0,0
val,images/val/circle_003.jpg,0,circle,0,single,640,478.0,168.0,177,218.0,[],88,236,243,219,40,96,41,390,80,566,256,0,0
val,images/val/circle_004.jpg,0,circle,0,single,640,130.0,198.0,203,219.0,[],101,213,226,223,91,83,88,29,97,231,299,0,0
val,images/val/circle_005.jpg,0,circle,0,single,640,382.0,356.0,181,237.0,[],90,210,213,221,62,87,40,292,266,472,446,0,0
val,images/val/circle_006.jpg,0,circle,0,single,640,151.0,493.0,152,83.0,[],76,226,243,243,103,93,28,75,417,227,569,0,0
val,images/val/circle_007.jpg,0,circle,0,single,640,194.0,319.0,178,113.0,[],89,221,243,221,97,64,93,105,230,283,408,0,0
val,images/val/circle_008.jpg,0,circle,0,single,640,189.0,111.0,181,186.0,[],90,228,231,228,68,38,36,99,21,279,201,0,0
val,images/val/circle_009.jpg,0,circle,0,single,640,166.0,131.0,221,151.0,[],110,213,216,241,72,20,86,56,21,276,241,0,0
val,images/val/triangle_000.jpg,1,triangle,0,single,640,312.0,202.0,223,314.0,"[[219, 112], [436, 166], [281, 327]]",155,230,233,235,99,70,41,219,112,436,327,0,0
val,images/val/triangle_001.jpg,1,triangle,0,single,640,344.0,389.0,235,269.0,"[[208, 391], [410, 270], [414, 506]]",162,214,220,231,43,59,48,208,270,414,506,0,0
val,images/val/triangle_002.jpg,1,triangle,0,single,640,466.0,300.0,197,173.0,"[[480, 413], [361, 255], [557, 231]]",140,235,224,211,48,39,90,361,231,557,413,0,0
val,images/val/triangle_003.jpg,1,triangle,0,single,640,338.0,471.0,232,6.0,"[[352, 337], [447, 550], [215, 526]]",160,216,228,234,77,65,73,215,337,447,550,0,0
val,images/val/triangle_004.jpg,1,triangle,0,single,640,299.0,428.0,166,163.0,"[[327, 520], [205, 406], [365, 358]]",122,241,240,231,52,52,83,205,358,365,520,0,0
val,images/val/triangle_005.jpg,1,triangle,0,single,640,262.0,448.0,204,348.0,"[[237, 332], [375, 485], [174, 527]]",144,206,221,245,49,79,25,174,332,375,527,0,0
val,images/val/triangle_006.jpg,1,triangle,0,single,640,329.0,288.0,216,38.0,"[[406, 189], [376, 404], [205, 271]]",151,209,228,209,70,74,86,205,189,406,404,0,0
val,images/val/triangle_007.jpg,1,triangle,0,single,640,340.0,303.0,224,44.0,"[[430, 210], [376, 428], [214, 272]]",155,222,232,245,81,69,97,214,210,430,428,0,0
val,images/val/triangle_008.jpg,1,triangle,0,single,640,208.0,298.0,173,91.0,"[[308, 300], [156, 384], [159, 210]]",126,212,209,219,93,32,60,156,210,308,384,0,0
val,images/val/triangle_009.jpg,1,triangle,0,single,640,469.0,351.0,165,75.0,"[[561, 326], [444, 443], [401, 283]]",121,232,244,211,28,66,80,401,283,561,443,0,0
val,images/val/square_000.jpg,2,square,0,single,640,353.0,217.0,234,231.0,"[[336, 382], [188, 200], [370, 52], [518, 234]]",191,234,218,208,43,77,81,188,52,518,382,0,0
val,images/val/square_001.jpg,2,square,0,single,640,297.0,398.0,195,328.0,"[[163, 367], [328, 264], [431, 429], [266, 532]]",163,212,228,205,52,48,102,163,264,431,532,0,0
val,images/val/square_002.jpg,2,square,0,single,640,392.0,222.0,209,154.0,"[[532, 270], [344, 362], [252, 174], [440, 82]]",173,233,225,244,20,83,100,252,82,532,362,0,0
val,images/val/square_003.jpg,2,square,0,single,640,410.0,326.0,166,79.0,"[[476, 229], [507, 392], [344, 423], [313, 260]]",143,238,213,225,77,77,83,313,229,507,423,0,0
val,images/val/square_004.jpg,2,square,0,single,640,391.0,210.0,237,40.0,"[[376, 43], [558, 195], [406, 377], [224, 225]]",193,242,209,206,43,45,95,224,43,558,377,0,0
val,images/val/square_005.jpg,2,square,0,single,640,331.0,302.0,165,28.0,"[[297, 190], [443, 268], [365, 414], [219, 336]]",142,223,208,237,65,35,91,219,190,443,414,0,0
val,images/val/square_006.jpg,2,square,0,single,640,280.0,412.0,209,226.0,"[[277, 560], [132, 409], [283, 264], [428, 415]]",173,244,209,217,76,64,96,132,264,428,560,0,0
val,images/val/square_007.jpg,2,square,0,single,640,315.0,362.0,236,260.0,"[[219, 499], [178, 266], [411, 225], [452, 458]]",192,241,209,227,54,57,43,178,225,452,499,0,0
val,images/val/square_008.jpg,2,square,0,single,640,253.0,280.0,209,118.0,"[[394, 237], [296, 421], [112, 323], [210, 139]]",173,218,242,239,99,46,32,112,139,394,421,0,0
val,images/val/square_009.jpg,2,square,0,single,640,451.0,453.0,215,98.0,"[[572, 362], [542, 574], [330, 544], [360, 332]]",178,220,241,238,93,70,62,330,332,572,574,0,0
test,images/test/circle_000.jpg,0,circle,0,single,640,374.0,199.0,161,118.0,[],80,211,221,207,77,86,66,294,119,454,279,0,0
test,images/test/circle_001.jpg,0,circle,0,single,640,241.0,237.0,191,72.0,[],95,240,230,209,75,79,56,146,142,336,332,0,0
test,images/test/circle_002.jpg,0,circle,0,single,640,322.0,283.0,240,146.0,[],120,226,242,217,79,40,60,202,163,442,403,0,0
test,images/test/circle_003.jpg,0,circle,0,single,640,315.0,531.0,178,312.0,[],89,245,233,212,43,95,30,226,442,404,620,0,0
test,images/test/circle_004.jpg,0,circle,0,single,640,266.0,117.0,181,239.0,[],90,210,219,236,70,58,85,176,27,356,207,0,0
test,images/test/circle_005.jpg,0,circle,0,single,640,506.0,413.0,224,235.0,[],112,223,245,231,61,78,83,394,301,618,525,0,0
test,images/test/circle_006.jpg,0,circle,0,single,640,512.0,467.0,204,295.0,[],102,229,211,240,87,96,42,410,365,614,569,0,0
test,images/test/circle_007.jpg,0,circle,0,single,640,195.0,150.0,233,312.0,[],116,226,224,238,59,73,99,79,34,311,266,0,0
test,images/test/circle_008.jpg,0,circle,0,single,640,233.0,404.0,154,236.0,[],77,223,233,217,89,65,45,156,327,310,481,0,0
test,images/test/circle_009.jpg,0,circle,0,single,640,256.0,491.0,169,134.0,[],84,232,239,217,60,70,37,172,407,340,575,0,0
test,images/test/triangle_000.jpg,1,triangle,0,single,640,507.0,347.0,160,5.0,"[[515, 255], [583, 400], [423, 386]]",118,237,227,244,86,58,84,423,255,583,400,0,0
test,images/test/triangle_001.jpg,1,triangle,0,single,640,422.0,332.0,221,261.0,"[[295, 352], [468, 212], [503, 432]]",154,225,213,214,66,37,40,295,212,503,432,0,0
test,images/test/triangle_002.jpg,1,triangle,0,single,640,308.0,308.0,176,148.0,"[[362, 395], [206, 312], [356, 218]]",128,209,234,219,42,26,81,206,218,362,395,0,0
test,images/test/triangle_003.jpg,1,triangle,0,single,640,332.0,507.0,160,161.0,"[[362, 595], [241, 489], [393, 437]]",118,216,235,244,96,54,72,241,437,393,595,0,0
test,images/test/triangle_004.jpg,1,triangle,0,single,640,291.0,202.0,185,344.0,"[[261, 99], [395, 228], [216, 279]]",133,241,209,210,55,23,71,216,99,395,279,0,0
test,images/test/triangle_005.jpg,1,triangle,0,single,640,424.0,508.0,162,286.0,"[[334, 482], [492, 443], [447, 599]]",119,218,222,222,92,39,37,334,443,492,599,0,0
test,images/test/triangle_006.jpg,1,triangle,0,single,640,272.0,174.0,173,306.0,"[[191, 115], [364, 133], [262, 274]]",126,207,241,234,45,78,20,191,115,364,274,0,0
test,images/test/triangle_007.jpg,1,triangle,0,single,640,185.0,281.0,223,132.0,"[[281, 368], [62, 321], [212, 154]]",155,213,213,227,66,70,102,62,154,281,368,0,0
test,images/test/triangle_008.jpg,1,triangle,0,single,640,463.0,199.0,210,4.0,"[[471, 77], [564, 267], [354, 252]]",147,243,227,230,33,68,76,354,77,564,267,0,0
test,images/test/triangle_009.jpg,1,triangle,0,single,640,234.0,377.0,229,345.0,"[[200, 249], [362, 411], [140, 471]]",158,230,208,245,34,34,57,140,249,362,471,0,0
test,images/test/square_000.jpg,2,square,0,single,640,155.0,245.0,155,224.0,"[[157, 355], [45, 247], [153, 135], [265, 243]]",135,243,206,228,68,68,89,45,135,265,355,0,0
test,images/test/square_001.jpg,2,square,0,single,640,363.0,398.0,212,208.0,"[[407, 541], [220, 442], [319, 255], [506, 354]]",175,236,212,224,71,39,47,220,255,506,541,0,0
test,images/test/square_002.jpg,2,square,0,single,640,177.0,264.0,154,18.0,"[[128, 167], [274, 215], [226, 361], [80, 313]]",134,235,241,211,50,22,37,80,167,274,361,0,0
test,images/test/square_003.jpg,2,square,0,single,640,266.0,457.0,158,50.0,"[[276, 346], [377, 467], [256, 568], [155, 447]]",137,228,205,235,44,20,36,155,346,377,568,0,0
test,images/test/square_004.jpg,2,square,0,single,640,399.0,245.0,234,311.0,"[[234, 257], [387, 80], [564, 233], [411, 410]]",191,219,214,222,31,47,51,234,80,564,410,0,0
test,images/test/square_005.jpg,2,square,0,single,640,392.0,385.0,218,235.0,"[[365, 537], [240, 358], [419, 233], [544, 412]]",180,242,226,236,36,36,36,240,233,544,537,0,0
test,images/test/square_006.jpg,2,square,0,single,640,217.0,275.0,208,218.0,"[[235, 421], [71, 293], [199, 129], [363, 257]]",173,209,221,223,23,38,28,71,129,363,421,0,0
test,images/test/square_007.jpg,2,square,0,single,640,264.0,330.0,234,53.0,"[[287, 166], [428, 353], [241, 494], [100, 307]]",191,245,230,230,62,73,26,100,166,428,494,0,0
test,images/test/square_008.jpg,2,square,0,single,640,385.0,483.0,151,203.0,"[[425, 582], [286, 523], [345, 384], [484, 443]]",132,221,245,226,56,66,82,286,384,484,582,0,0
test,images/test/square_009.jpg,2,square,0,single,640,364.0,438.0,223,33.0,"[[331, 284], [518, 405], [397, 592], [210, 471]]",183,239,245,222,50,76,53,210,284,518,592,0,0
train,images/train/multi_000.jpg,1,triangle,0,multi_two,640,148.0,485.0,164,315.0,"[[81, 418], [240, 460], [123, 577]]",121,224,239,214,120,120,120,81,418,240,577,1,0
train,images/train/multi_000.jpg,0,circle,1,multi_two,640,190.0,85.0,147,120.0,[],73,242,234,215,120,120,120,117,12,263,158,1,0
train,images/train/multi_001.jpg,2,square,0,multi_two,640,191.0,186.0,143,45.0,"[[191, 85], [292, 186], [191, 287], [90, 186]]",127,221,225,210,102,22,84,90,85,292,287,1,0
train,images/train/multi_001.jpg,0,circle,1,multi_two,640,487.0,110.0,125,315.0,[],62,240,227,207,120,120,120,425,48,549,172,1,0
train,images/train/multi_002.jpg,2,square,0,multi_two,640,467.0,420.0,135,225.0,"[[467, 515], [372, 420], [467, 325], [562, 420]]",121,229,210,205,78,36,44,372,325,562,515,1,0
train,images/train/multi_002.jpg,1,triangle,1,multi_two,640,190.0,472.0,126,180.0,"[[190, 545], [127, 435], [253, 435]]",99,208,238,222,120,120,120,127,435,253,545,1,0
train,images/train/multi_003.jpg,2,square,0,multi_three,640,270.0,322.0,106,315.0,"[[195, 322], [270, 247], [345, 322], [270, 397]]",100,241,234,244,34,39,78,195,247,345,397,1,0
train,images/train/multi_003.jpg,0,circle,1,multi_three,640,420.0,364.0,113,45.0,[],56,238,209,208,120,120,120,364,308,476,420,1,0
train,images/train/multi_003.jpg,1,triangle,2,multi_three,640,464.0,210.0,143,270.0,"[[381, 210], [505, 138], [505, 282]]",108,217,229,216,104,89,61,381,138,505,282,1,0
train,images/train/multi_004.jpg,1,triangle,0,multi_two,640,403.0,199.0,202,150.0,"[[462, 300], [286, 199], [462, 98]]",143,231,218,209,43,43,84,286,98,462,300,1,0
train,images/train/multi_004.jpg,0,circle,1,multi_two,640,447.0,399.0,174,315.0,[],87,233,232,207,120,120,120,360,312,534,486,1,0
train,images/train/multi_005.jpg,2,square,0,multi_two,640,508.0,152.0,120,90.0,"[[568, 92], [568, 212], [448, 212], [448, 92]]",110,216,205,214,33,78,80,448,92,568,212,1,0
train,images/train/multi_005.jpg,0,circle,1,multi_two,640,461.0,356.0,149,0.0,[],74,236,232,235,49,59,47,387,282,535,430,1,0
train,images/train/multi_006.jpg,1,triangle,0,multi_two,640,378.0,228.0,172,180.0,"[[378, 328], [292, 178], [464, 178]]",125,208,212,209,120,120,120,292,178,464,328,1,0
train,images/train/multi_006.jpg,2,square,1,multi_two,640,295.0,476.0,168,150.0,"[[410, 507], [264, 591], [180, 445], [326, 361]]",144,226,221,218,120,120,120,180,361,410,591,1,0
train,images/train/multi_007.jpg,0,circle,0,multi_three,640,489.0,411.0,203,270.0,[],101,208,207,218,83,61,83,388,310,590,512,1,0
train,images/train/multi_007.jpg,1,triangle,1,multi_three,640,203.0,240.0,189,30.0,"[[258, 145], [258, 335], [93, 240]]",135,210,213,205,69,96,70,93,145,258,335,1,0
train,images/train/multi_007.jpg,2,square,2,multi_three,640,496.0,201.0,124,30.0,"[[473, 116], [581, 178], [519, 286], [411, 224]]",113,244,244,242,31,74,56,411,116,581,286,1,0
train,images/train/multi_008.jpg,0,circle,0,multi_two,640,373.0,283.0,167,270.0,[],83,238,215,230,120,120,120,290,200,456,366,1,0
train,images/train/multi_008.jpg,1,triangle,1,multi_two,640,210.0,304.0,123,0.0,"[[210, 233], [272, 340], [148, 340]]",97,209,218,242,46,30,22,148,233,272,340,1,0
train,images/train/multi_009.jpg,0,circle,0,multi_two,640,490.0,190.0,145,60.0,[],72,209,207,235,61,29,65,418,118,562,262,1,0
train,images/train/multi_009.jpg,2,square,1,multi_two,640,207.0,305.0,177,180.0,"[[296, 394], [119, 394], [118, 216], [296, 216]]",151,241,219,212,50,45,34,118,216,296,394,1,0
train,images/train/multi_010.jpg,1,triangle,0,multi_two,640,415.0,481.0,137,270.0,"[[336, 481], [455, 412], [455, 550]]",105,227,224,244,63,60,23,336,412,455,550,1,0
train,images/train/multi_010.jpg,2,square,1,multi_two,640,470.0,182.0,192,0.0,"[[374, 86], [566, 86], [566, 278], [374, 278]]",161,224,211,222,33,65,102,374,86,566,278,1,0
train,images/train/multi_011.jpg,0,circle,0,multi_three,640,502.0,350.0,122,0.0,[],61,226,243,218,71,46,58,441,289,563,411,1,0
train,images/train/multi_011.jpg,1,triangle,1,multi_three,640,304.0,262.0,202,225.0,"[[221, 345], [274, 149], [417, 292]]",143,236,219,208,33,65,25,221,149,417,345,1,0
train,images/train/multi_011.jpg,2,square,2,multi_three,640,316.0,437.0,182,150.0,"[[440, 470], [283, 561], [192, 404], [349, 313]]",154,239,232,215,120,120,120,192,313,440,561,1,0
train,images/train/multi_012.jpg,0,circle,0,multi_two,640,142.0,169.0,138,270.0,[],69,238,214,237,43,68,65,73,100,211,238,1,0
train,images/train/multi_012.jpg,1,triangle,1,multi_two,640,495.0,371.0,130,270.0,"[[420, 371], [533, 306], [533, 436]]",101,244,218,208,63,102,96,420,306,533,436,1,0
train,images/train/multi_013.jpg,0,circle,0,multi_two,640,159.0,379.0,189,60.0,[],94,212,244,239,120,120,120,65,285,253,473,1,0
train,images/train/multi_013.jpg,2,square,1,multi_two,640,337.0,257.0,107,45.0,"[[337, 181], [413, 257], [337, 333], [261, 257]]",101,214,228,245,51,48,20,261,181,413,333,1,0
train,images/train/multi_014.jpg,2,square,0,multi_two,640,502.0,177.0,126,270.0,"[[439, 240], [439, 114], [565, 114], [565, 240]]",115,227,207,217,120,120,120,439,114,565,240,1,0
train,images/train/multi_014.jpg,1,triangle,1,multi_two,640,265.0,491.0,156,60.0,"[[343, 446], [265, 581], [187, 446]]",116,214,244,225,120,120,120,187,446,343,581,1,0
train,images/train/multi_015.jpg,0,circle,0,multi_three,640,402.0,432.0,169,90.0,[],84,218,244,211,38,103,65,318,348,486,516,1,0
train,images/train/multi_015.jpg,2,square,1,multi_three,640,152.0,204.0,151,90.0,"[[228, 128], [228, 280], [76, 280], [76, 128]]",132,238,210,227,37,43,40,76,128,228,280,1,0
train,images/train/multi_015.jpg,1,triangle,2,multi_three,640,163.0,414.0,188,315.0,"[[86, 337], [268, 386], [135, 519]]",135,213,222,208,32,85,23,86,337,268,519,1,0
train,images/train/multi_016.jpg,1,triangle,0,multi_two,640,271.0,526.0,113,315.0,"[[225, 480], [334, 509], [254, 589]]",91,209,208,225,120,120,120,225,480,334,589,1,0
train,images/train/multi_016.jpg,0,circle,1,multi_two,640,147.0,488.0,147,120.0,[],73,227,211,218,99,53,63,74,415,220,561,1,0
train,images/train/multi_017.jpg,2,square,0,multi_two,640,447.0,282.0,177,0.0,"[[358, 194], [536, 194], [536, 370], [358, 370]]",151,209,235,224,52,45,87,358,194,536,370,1,0
train,images/train/multi_017.jpg,0,circle,1,multi_two,640,367.0,85.0,115,150.0,[],57,210,242,241,98,92,70,310,28,424,142,1,0
train,images/train/multi_018.jpg,2,square,0,multi_two,640,353.0,327.0,187,90.0,"[[446, 234], [446, 420], [260, 420], [260, 234]]",158,206,236,240,97,44,21,260,234,446,420,1,0
train,images/train/multi_018.jpg,1,triangle,1,multi_two,640,151.0,129.0,149,225.0,"[[90, 190], [129, 46], [234, 151]]",112,206,225,229,96,39,102,90,46,234,190,1,0
train,images/train/multi_019.jpg,2,square,0,multi_three,640,164.0,352.0,148,90.0,"[[238, 278], [238, 426], [90, 426], [90, 278]]",130,239,232,231,120,120,120,90,278,238,426,1,0
train,images/train/multi_019.jpg,1,triangle,1,multi_three,640,391.0,453.0,127,315.0,"[[339, 401], [462, 434], [372, 524]]",99,234,223,207,120,120,120,339,401,462,524,1,0
train,images/train/multi_019.jpg,0,circle,2,multi_three,640,399.0,165.0,129,315.0,[],64,221,239,231,53,72,48,335,101,463,229,1,0
train,images/train/multi_020.jpg,0,circle,0,multi_two,640,529.0,173.0,188,270.0,[],94,228,219,209,89,48,34,435,79,623,267,1,0
train,images/train/multi_020.jpg,1,triangle,1,multi_two,640,208.0,521.0,106,45.0,"[[251, 478], [224, 580], [149, 505]]",87,227,218,219,92,34,46,149,478,251,580,1,0
train,images/train/multi_021.jpg,2,square,0,multi_two,640,245.0,298.0,175,90.0,"[[332, 210], [332, 386], [158, 386], [158, 210]]",149,224,220,206,83,39,24,158,210,332,386,1,0
train,images/train/multi_021.jpg,0,circle,1,multi_two,640,296.0,571.0,121,60.0,[],60,221,241,217,48,26,76,236,511,356,631,1,0
train,images/train/multi_022.jpg,1,triangle,0,multi_two,640,276.0,185.0,134,0.0,"[[276, 107], [343, 224], [209, 224]]",103,244,208,217,120,120,120,209,107,343,224,1,0
train,images/train/multi_022.jpg,2,square,1,multi_two,640,445.0,301.0,188,270.0,"[[351, 395], [351, 207], [539, 207], [539, 395]]",158,243,235,217,48,102,38,351,207,539,395,1,0
train,images/train/multi_023.jpg,0,circle,0,multi_three,640,232.0,311.0,193,120.0,[],96,225,224,219,35,102,50,136,215,328,407,1,0
train,images/train/multi_023.jpg,2,square,1,multi_three,640,289.0,133.0,114,90.0,"[[346, 76], [346, 190], [232, 190], [232, 76]]",106,243,210,228,66,100,28,232,76,346,190,1,0
train,images/train/multi_023.jpg,1,triangle,2,multi_three,640,147.0,476.0,127,120.0,"[[211, 513], [83, 513], [147, 402]]",99,235,234,210,41,103,90,83,402,211,513,1,0
train,images/train/multi_024.jpg,0,circle,0,multi_two,640,500.0,215.0,177,150.0,[],88,207,213,230,120,120,120,412,127,588,303,1,0
train,images/train/multi_024.jpg,1,triangle,1,multi_two,640,215.0,154.0,113,225.0,"[[169, 200], [198, 91], [278, 171]]",91,208,213,209,120,120,120,169,91,278,200,1,0
train,images/train/multi_025.jpg,2,square,0,multi_two,640,245.0,267.0,189,315.0,"[[111, 267], [245, 133], [379, 267], [245, 401]]",159,215,230,241,79,69,22,111,133,379,401,1,0
train,images/train/multi_025.jpg,0,circle,1,multi_two,640,112.0,488.0,112,45.0,[],56,212,226,229,63,81,28,56,432,168,544,1,0
train,images/train/multi_026.jpg,1,triangle,0,multi_two,640,394.0,410.0,162,315.0,"[[328, 344], [485, 386], [370, 501]]",119,231,212,212,56,71,98,328,344,485,501,1,0
train,images/train/multi_026.jpg,2,square,1,multi_two,640,225.0,213.0,118,30.0,"[[203, 132], [306, 191], [247, 294], [144, 235]]",109,238,232,228,82,41,25,144,132,306,294,1,0
train,images/train/multi_027.jpg,1,triangle,0,multi_three,640,229.0,371.0,180,180.0,"[[229, 475], [139, 319], [319, 319]]",130,237,237,242,83,83,34,139,319,319,475,1,0
train,images/train/multi_027.jpg,0,circle,1,multi_three,640,92.0,531.0,169,225.0,[],84,225,223,209,59,51,75,8,447,176,615,1,0
train,images/train/multi_027.jpg,2,square,2,multi_three,640,341.0,231.0,123,180.0,"[[402, 292], [280, 292], [280, 170], [402, 170]]",112,228,231,240,23,53,32,280,170,402,292,1,0
train,images/train/multi_028.jpg,0,circle,0,multi_two,640,423.0,422.0,119,45.0,[],59,232,221,231,70,67,59,364,363,482,481,1,0
train,images/train/multi_028.jpg,1,triangle,1,multi_two,640,411.0,147.0,152,225.0,"[[349, 209], [388, 62], [496, 170]]",114,225,238,231,120,120,120,349,62,496,209,1,0
train,images/train/multi_029.jpg,0,circle,0,multi_two,640,114.0,440.0,198,45.0,[],99,226,227,233,95,97,100,15,341,213,539,1,0
train,images/train/multi_029.jpg,2,square,1,multi_two,640,452.0,175.0,158,30.0,"[[423, 67], [560, 146], [481, 283], [344, 204]]",137,229,229,232,73,48,54,344,67,560,283,1,0
train,images/train/multi_030.jpg,2,square,0,multi_two,640,212.0,449.0,141,60.0,"[[238, 353], [308, 475], [186, 545], [116, 423]]",125,217,230,238,29,90,76,116,353,308,545,1,0
train,images/train/multi_030.jpg,1,triangle,1,multi_two,640,318.0,311.0,184,60.0,"[[410, 258], [318, 418], [226, 258]]",132,209,210,215,58,103,47,226,258,410,418,1,0
train,images/train/multi_031.jpg,0,circle,0,multi_three,640,297.0,184.0,111,315.0,[],55,217,222,244,120,120,120,242,129,352,239,1,0
train,images/train/multi_031.jpg,2,square,1,multi_three,640,391.0,337.0,192,225.0,"[[391, 473], [255, 337], [391, 201], [527, 337]]",161,236,238,206,27,60,94,255,201,527,473,1,0
train,images/train/multi_031.jpg,1,triangle,2,multi_three,640,140.0,403.0,145,315.0,"[[81, 344], [221, 381], [118, 484]]",110,221,206,236,46,61,77,81,344,221,484,1,0
train,images/train/multi_032.jpg,1,triangle,0,multi_two,640,263.0,381.0,198,0.0,"[[263, 266], [362, 438], [164, 438]]",140,244,218,236,120,120,120,164,266,362,438,1,0
train,images/train/multi_032.jpg,0,circle,1,multi_two,640,529.0,109.0,194,315.0,[],97,210,235,213,30,34,95,432,12,626,206,1,0
train,images/train/multi_033.jpg,2,square,0,multi_two,640,276.0,452.0,204,150.0,"[[415, 489], [239, 591], [137, 415], [313, 313]]",170,217,245,237,57,92,61,137,313,415,591,1,0
train,images/train/multi_033.jpg,0,circle,1,multi_two,640,512.0,136.0,198,225.0,[],99,239,219,211,38,65,83,413,37,611,235,1,0
train,images/train/multi_034.jpg,2,square,0,multi_two,640,426.0,215.0,151,90.0,"[[502, 140], [502, 290], [350, 290], [350, 140]]",132,244,238,218,89,102,44,350,140,502,290,1,0
train,images/train/multi_034.jpg,1,triangle,1,multi_two,640,288.0,424.0,202,60.0,"[[389, 365], [288, 541], [187, 365]]",143,211,229,205,38,85,40,187,365,389,541,1,0
train,images/train/multi_035.jpg,2,square,0,multi_three,640,201.0,172.0,141,0.0,"[[130, 102], [272, 102], [272, 242], [130, 242]]",125,223,221,232,70,82,59,130,102,272,242,1,0
train,images/train/multi_035.jpg,0,circle,1,multi_three,640,179.0,500.0,192,315.0,[],96,222,235,221,120,120,120,83,404,275,596,1,0
train,images/train/multi_035.jpg,1,triangle,2,multi_three,640,225.0,337.0,152,120.0,"[[301, 381], [149, 381], [225, 249]]",114,236,233,234,62,95,39,149,249,301,381,1,0
train,images/train/multi_036.jpg,1,triangle,0,multi_two,640,258.0,365.0,204,315.0,"[[174, 281], [372, 334], [227, 479]]",144,237,222,231,120,120,120,174,281,372,479,1,0
train,images/train/multi_036.jpg,0,circle,1,multi_two,640,337.0,235.0,157,225.0,[],78,207,209,232,31,71,101,259,157,415,313,1,0
train,images/train/multi_037.jpg,2,square,0,multi_two,640,291.0,424.0,154,225.0,"[[291, 533], [182, 424], [291, 315], [400, 424]]",134,235,215,211,22,103,92,182,315,400,533,1,0
train,images/train/multi_037.jpg,0,circle,1,multi_two,640,446.0,175.0,187,150.0,[],93,233,224,227,47,32,92,353,82,539,268,1,0
train,images/train/multi_038.jpg,2,square,0,multi_two,640,209.0,440.0,142,30.0,"[[183, 343], [306, 414], [235, 537], [112, 466]]",126,234,233,238,120,120,120,112,343,306,537,1,0
train,images/train/multi_038.jpg,1,triangle,1,multi_two,640,177.0,274.0,197,0.0,"[[177, 160], [276, 331], [78, 331]]",140,211,226,216,63,75,22,78,160,276,331,1,0
train,images/train/multi_039.jpg,2,square,0,multi_three,640,111.0,284.0,107,180.0,"[[164, 338], [58, 338], [57, 230], [164, 230]]",101,225,230,234,80,57,59,57,230,164,338,1,0
train,images/train/multi_039.jpg,1,triangle,1,multi_three,640,321.0,294.0,141,0.0,"[[321, 212], [392, 335], [250, 335]]",107,245,240,215,76,59,26,250,212,392,335,1,0
train,images/train/multi_039.jpg,0,circle,2,multi_three,640,388.0,510.0,147,120.0,[],73,221,227,222,120,120,120,315,437,461,583,1,0
train,images/train/multi_040.jpg,0,circle,0,multi_two,640,425.0,245.0,135,225.0,[],67,241,205,217,58,79,27,358,178,492,312,1,0
train,images/train/multi_040.jpg,1,triangle,1,multi_two,640,172.0,264.0,151,60.0,"[[248, 220], [172, 352], [96, 220]]",113,207,240,241,120,120,120,96,220,248,352,1,0
train,images/train/multi_041.jpg,0,circle,0,multi_two,640,545.0,262.0,151,90.0,[],75,227,236,207,40,75,28,470,187,620,337,1,0
train,images/train/multi_041.jpg,2,square,1,multi_two,640,247.0,176.0,150,150.0,"[[349, 203], [220, 278], [145, 149], [274, 74]]",132,225,238,224,27,23,56,145,74,349,278,1,0
train,images/train/multi_042.jpg,2,square,0,multi_two,640,421.0,207.0,145,270.0,"[[348, 280], [348, 134], [494, 134], [494, 280]]",128,238,218,237,120,120,120,348,134,494,280,1,0
train,images/train/multi_042.jpg,1,triangle,1,multi_two,640,289.0,271.0,195,270.0,"[[176, 271], [346, 173], [346, 369]]",139,245,207,234,120,120,120,176,173,346,369,1,0
train,images/train/multi_043.jpg,2,square,0,multi_three,640,489.0,219.0,107,120.0,"[[562, 199], [509, 292], [416, 239], [469, 146]]",101,211,224,213,69,49,47,416,146,562,292,1,0
train,images/train/multi_043.jpg,1,triangle,1,multi_three,640,268.0,253.0,142,315.0,"[[210, 195], [348, 232], [247, 333]]",108,213,207,209,92,69,64,210,195,348,333,1,0
train,images/train/multi_043.jpg,0,circle,2,multi_three,640,381.0,147.0,132,30.0,[],66,230,232,240,120,120,120,315,81,447,213,1,0
train,images/train/multi_044.jpg,0,circle,0,multi_two,640,410.0,490.0,178,150.0,[],89,235,206,219,39,96,36,321,401,499,579,1,0
train,images/train/multi_044.jpg,1,triangle,1,multi_two,640,187.0,420.0,125,180.0,"[[187, 492], [124, 384], [250, 384]]",98,236,214,237,63,41,26,124,384,250,492,1,0
train,images/train/multi_045.jpg,2,square,0,multi_two,640,453.0,190.0,113,90.0,"[[510, 134], [510, 246], [396, 246], [396, 134]]",105,215,215,217,37,101,86,396,134,510,246,1,0
train,images/train/multi_045.jpg,0,circle,1,multi_two,640,240.0,513.0,163,30.0,[],81,207,231,244,55,32,68,159,432,321,594,1,0
train,images/train/multi_046.jpg,1,triangle,0,multi_two,640,140.0,287.0,166,30.0,"[[188, 204], [188, 370], [44, 287]]",122,228,219,218,120,120,120,44,204,188,370,1,0
train,images/train/multi_046.jpg,2,square,1,multi_two,640,423.0,185.0,162,270.0,"[[342, 266], [342, 104], [504, 104], [504, 266]]",140,226,207,228,24,36,104,342,104,504,266,1,0
train,images/train/multi_047.jpg,2,square,0,multi_three,640,375.0,167.0,181,225.0,"[[375, 295], [247, 167], [375, 39], [503, 167]]",153,234,244,228,120,120,120,247,39,503,295,1,0
train,images/train/multi_047.jpg,0,circle,1,multi_three,640,108.0,285.0,107,45.0,[],53,230,212,218,120,120,120,55,232,161,338,1,0
train,images/train/multi_047.jpg,1,triangle,2,multi_three,640,447.0,449.0,132,225.0,"[[393, 503], [427, 375], [521, 469]]",102,235,241,218,80,96,54,393,375,521,503,1,0
train,images/train/multi_048.jpg,0,circle,0,multi_two,640,404.0,349.0,193,120.0,[],96,242,223,243,120,120,120,308,253,500,445,1,0
train,images/train/multi_048.jpg,1,triangle,1,multi_two,640,198.0,205.0,160,150.0,"[[244, 285], [105, 205], [244, 125]]",118,224,215,226,85,86,66,105,125,244,285,1,0
train,images/train/multi_049.jpg,0,circle,0,multi_two,640,323.0,438.0,149,225.0,[],74,220,218,235,120,120,120,249,364,397,512,1,0
train,images/train/multi_049.jpg,2,square,1,multi_two,640,269.0,224.0,189,150.0,"[[398, 259], [234, 353], [140, 189], [304, 95]]",159,242,206,231,120,120,120,140,95,398,353,1,0
train,images/train/multi_050.jpg,2,square,0,multi_two,640,263.0,416.0,127,60.0,"[[286, 329], [350, 439], [240, 503], [176, 393]]",115,231,207,233,44,53,88,176,329,350,503,1,0
train,images/train/multi_050.jpg,1,triangle,1,multi_two,640,232.0,175.0,105,225.0,"[[189, 218], [216, 116], [291, 191]]",86,238,216,229,58,96,67,189,116,291,218,1,0
train,images/train/multi_051.jpg,2,square,0,multi_three,640,184.0,250.0,146,150.0,"[[284, 277], [157, 350], [84, 223], [211, 150]]",129,237,221,225,120,120,120,84,150,284,350,1,0
train,images/train/multi_051.jpg,0,circle,1,multi_three,640,484.0,545.0,108,270.0,[],54,244,240,217,27,100,23,430,491,538,599,1,0
train,images/train/multi_051.jpg,1,triangle,2,multi_three,640,219.0,482.0,105,90.0,"[[280, 482], [189, 535], [189, 429]]",86,241,227,206,86,22,63,189,429,280,535,1,0
train,images/train/multi_052.jpg,1,triangle,0,multi_two,640,285.0,299.0,121,270.0,"[[215, 299], [320, 238], [320, 360]]",96,230,214,216,53,38,30,215,238,320,360,1,0
train,images/train/multi_052.jpg,0,circle,1,multi_two,640,559.0,369.0,105,60.0,[],52,222,226,236,86,77,103,507,317,611,421,1,0
train,images/train/multi_053.jpg,2,square,0,multi_two,640,226.0,460.0,152,120.0,"[[330, 432], [254, 564], [122, 488], [198, 356]]",133,219,211,243,32,38,88,122,356,330,564,1,0
train,images/train/multi_053.jpg,0,circle,1,multi_two,640,455.0,241.0,166,315.0,[],83,216,219,226,120,120,120,372,158,538,324,1,0
train,images/train/multi_054.jpg,2,square,0,multi_two,640,203.0,467.0,183,315.0,"[[74, 467], [203, 338], [332, 467], [203, 596]]",155,245,224,209,120,120,120,74,338,332,596,1,0
train,images/train/multi_054.jpg,1,triangle,1,multi_two,640,260.0,190.0,201,150.0,"[[318, 291], [143, 190], [318, 89]]",142,240,233,218,30,42,43,143,89,318,291,1,0
train,images/train/multi_055.jpg,2,square,0,multi_three,640,509.0,437.0,128,270.0,"[[445, 501], [445, 373], [573, 373], [573, 501]]",116,208,223,242,120,120,120,445,373,573,501,1,0
train,images/train/multi_055.jpg,0,circle,1,multi_three,640,485.0,270.0,182,90.0,[],91,220,240,221,120,120,120,394,179,576,361,1,0
train,images/train/multi_055.jpg,1,triangle,2,multi_three,640,194.0,190.0,170,0.0,"[[194, 91], [279, 239], [109, 239]]",124,238,243,243,24,30,70,109,91,279,239,1,0
train,images/train/multi_056.jpg,0,circle,0,multi_two,640,516.0,444.0,123,315.0,[],61,234,239,233,79,87,80,455,383,577,505,1,0
train,images/train/multi_056.jpg,1,triangle,1,multi_two,640,131.0,462.0,107,120.0,"[[185, 493], [77, 493], [131, 400]]",88,232,212,214,120,120,120,77,400,185,493,1,0
train,images/train/multi_057.jpg,0,circle,0,multi_two,640,97.0,531.0,133,180.0,[],66,220,227,209,79,50,53,31,465,163,597,1,0
train,images/train/multi_057.jpg,2,square,1,multi_two,640,487.0,149.0,163,0.0,"[[406, 68], [568, 68], [568, 230], [406, 230]]",141,225,233,237,47,20,93,406,68,568,230,1,0
train,images/train/multi_058.jpg,2,square,0,multi_two,640,232.0,250.0,150,90.0,"[[307, 175], [307, 325], [157, 325], [157, 175]]",132,235,245,230,41,70,67,157,175,307,325,1,0
train,images/train/multi_058.jpg,1,triangle,1,multi_two,640,247.0,408.0,129,315.0,"[[194, 355], [319, 389], [228, 480]]",100,236,243,220,103,70,92,194,355,319,480,1,0
train,images/train/multi_059.jpg,2,square,0,multi_three,640,199.0,184.0,118,315.0,"[[116, 184], [199, 101], [282, 184], [199, 267]]",109,239,214,227,21,94,93,116,101,282,267,1,0
train,images/train/multi_059.jpg,1,triangle,1,multi_three,640,211.0,357.0,171,0.0,"[[211, 258], [297, 407], [125, 407]]",125,240,242,212,71,89,44,125,258,297,407,1,0
train,images/train/multi_059.jpg,0,circle,2,multi_three,640,373.0,218.0,107,45.0,[],53,227,219,205,49,58,84,320,165,426,271,1,0
val,images/val/multi_000.jpg,0,circle,0,multi_two,640,452.0,199.0,149,45.0,[],74,212,231,234,28,31,31,378,125,526,273,1,0
val,images/val/multi_000.jpg,1,triangle,1,multi_two,640,338.0,430.0,119,270.0,"[[269, 430], [373, 370], [373, 490]]",95,209,227,216,76,81,27,269,370,373,490,1,0
val,images/val/multi_001.jpg,2,square,0,multi_two,640,235.0,220.0,172,45.0,"[[235, 98], [357, 220], [235, 342], [113, 220]]",147,241,219,238,102,70,85,113,98,357,342,1,0
val,images/val/multi_001.jpg,0,circle,1,multi_two,640,271.0,479.0,171,270.0,[],85,216,207,244,90,98,28,186,394,356,564,1,0
val,images/val/multi_002.jpg,1,triangle,0,multi_two,640,389.0,212.0,125,0.0,"[[389, 140], [452, 248], [326, 248]]",98,229,223,220,120,120,120,326,140,452,248,1,0
val,images/val/multi_002.jpg,2,square,1,multi_two,640,161.0,429.0,169,270.0,"[[77, 514], [76, 344], [246, 344], [246, 514]]",145,220,242,221,120,120,120,76,344,246,514,1,0
val,images/val/multi_003.jpg,1,triangle,0,multi_three,640,171.0,456.0,194,270.0,"[[58, 456], [227, 359], [227, 553]]",138,233,230,210,69,33,31,58,359,227,553,1,0
val,images/val/multi_003.jpg,2,square,1,multi_three,640,503.0,362.0,105,0.0,"[[450, 310], [556, 310], [556, 414], [450, 414]]",100,241,243,235,120,120,120,450,310,556,414,1,0
val,images/val/multi_003.jpg,0,circle,2,multi_three,640,284.0,187.0,105,225.0,[],52,231,217,210,51,74,42,232,135,336,239,1,0
val,images/val/multi_004.jpg,1,triangle,0,multi_two,640,399.0,152.0,114,30.0,"[[432, 95], [432, 209], [333, 152]]",92,221,236,230,120,120,120,333,95,432,209,1,0
val,images/val/multi_004.jpg,0,circle,1,multi_two,640,83.0,79.0,122,315.0,[],61,240,240,210,53,77,68,22,18,144,140,1,0
val,images/val/multi_005.jpg,0,circle,0,multi_two,640,444.0,113.0,167,0.0,[],83,231,243,237,56,62,90,361,30,527,196,1,0
val,images/val/multi_005.jpg,2,square,1,multi_two,640,369.0,499.0,136,120.0,"[[462, 474], [394, 592], [276, 524], [344, 406]]",122,234,239,235,70,40,90,276,406,462,592,1,0
val,images/val/multi_006.jpg,2,square,0,multi_two,640,285.0,249.0,139,90.0,"[[354, 180], [354, 318], [216, 318], [216, 180]]",124,208,227,241,120,120,120,216,180,354,318,1,0
val,images/val/multi_006.jpg,1,triangle,1,multi_two,640,290.0,358.0,118,180.0,"[[290, 426], [231, 324], [349, 324]]",94,239,234,220,120,120,120,231,324,349,426,1,0
val,images/val/multi_007.jpg,0,circle,0,multi_three,640,154.0,550.0,129,270.0,[],64,237,206,237,90,65,31,90,486,218,614,1,0
val,images/val/multi_007.jpg,1,triangle,1,multi_three,640,168.0,142.0,169,315.0,"[[99, 73], [263, 117], [143, 237]]",124,228,229,236,64,104,81,99,73,263,237,1,0
val,images/val/multi_007.jpg,2,square,2,multi_three,640,482.0,400.0,110,0.0,"[[427, 345], [537, 345], [537, 455], [427, 455]]",103,232,212,236,80,61,28,427,345,537,455,1,0
val,images/val/multi_008.jpg,0,circle,0,multi_two,640,488.0,401.0,125,45.0,[],62,224,225,238,75,79,69,426,339,550,463,1,0
val,images/val/multi_008.jpg,1,triangle,1,multi_two,640,191.0,292.0,118,60.0,"[[250, 258], [191, 360], [132, 258]]",94,235,205,209,78,27,96,132,258,250,360,1,0
val,images/val/multi_009.jpg,2,square,0,multi_two,640,361.0,419.0,127,225.0,"[[361, 509], [271, 419], [361, 329], [451, 419]]",115,230,222,237,120,120,120,271,329,451,509,1,0
val,images/val/multi_009.jpg,0,circle,1,multi_two,640,506.0,468.0,121,120.0,[],60,221,233,218,120,120,120,446,408,566,528,1,0
val,images/val/multi_010.jpg,1,triangle,0,multi_two,640,477.0,377.0,129,120.0,"[[542, 414], [412, 414], [477, 302]]",100,237,244,237,48,95,89,412,302,542,414,1,0
val,images/val/multi_010.jpg,2,square,1,multi_two,640,169.0,216.0,127,150.0,"[[256, 239], [146, 303], [82, 193], [192, 129]]",115,226,210,217,120,120,120,82,129,256,303,1,0
val,images/val/multi_011.jpg,0,circle,0,multi_three,640,502.0,486.0,122,120.0,[],61,216,225,241,120,120,120,441,425,563,547,1,0
val,images/val/multi_011.jpg,2,square,1,multi_three,640,309.0,442.0,182,315.0,"[[180, 442], [309, 313], [438, 442], [309, 571]]",154,224,214,206,21,103,35,180,313,438,571,1,0
val,images/val/multi_011.jpg,1,triangle,2,multi_three,640,458.0,347.0,138,120.0,"[[527, 387], [389, 387], [458, 267]]",106,239,210,211,104,41,61,389,267,527,387,1,0
val,images/val/multi_012.jpg,1,triangle,0,multi_two,640,422.0,479.0,175,120.0,"[[510, 530], [334, 530], [422, 377]]",127,231,234,212,53,38,38,334,377,510,530,1,0
val,images/val/multi_012.jpg,0,circle,1,multi_two,640,255.0,417.0,154,45.0,[],77,217,220,213,91,26,60,178,340,332,494,1,0
val,images/val/multi_013.jpg,0,circle,0,multi_two,640,357.0,303.0,161,45.0,[],80,207,227,220,47,41,33,277,223,437,383,1,0
val,images/val/multi_013.jpg,2,square,1,multi_two,640,202.0,235.0,131,315.0,"[[109, 235], [202, 142], [295, 235], [202, 328]]",118,233,228,229,120,120,120,109,142,295,328,1,0
val,images/val/multi_014.jpg,2,square,0,multi_two,640,287.0,299.0,147,180.0,"[[360, 372], [214, 372], [214, 226], [360, 226]]",129,231,218,235,79,83,61,214,226,360,372,1,0
val,images/val/multi_014.jpg,1,triangle,1,multi_two,640,300.0,434.0,106,270.0,"[[239, 434], [331, 381], [331, 487]]",87,243,205,232,40,74,57,239,381,331,487,1,0
multi_test,images/multi_test/multi_000.jpg,1,triangle,0,locked_multi,640,349.0,442.0,144,120.0,"[[421, 484], [277, 484], [349, 358]]",109,240,209,219,120,120,120,277,358,421,484,1,0
multi_test,images/multi_test/multi_000.jpg,2,square,1,locked_multi,640,222.0,229.0,156,120.0,"[[329, 200], [251, 336], [115, 258], [193, 122]]",136,211,241,239,120,120,120,115,122,329,336,1,0
multi_test,images/multi_test/multi_000.jpg,0,circle,2,locked_multi,640,441.0,180.0,152,270.0,[],76,224,230,222,69,36,75,365,104,517,256,1,0
multi_test,images/multi_test/multi_001.jpg,0,circle,0,locked_multi,640,358.0,456.0,148,120.0,[],74,245,222,228,72,73,74,284,382,432,530,1,0
multi_test,images/multi_test/multi_001.jpg,2,square,1,locked_multi,640,349.0,200.0,148,120.0,"[[450, 173], [376, 301], [248, 227], [322, 99]]",130,233,206,217,120,120,120,248,99,450,301,1,0
multi_test,images/multi_test/multi_001.jpg,1,triangle,2,locked_multi,640,209.0,182.0,121,180.0,"[[209, 252], [148, 147], [270, 147]]",96,230,209,223,49,76,42,148,147,270,252,1,0
multi_test,images/multi_test/multi_002.jpg,1,triangle,0,locked_multi,640,110.0,125.0,123,270.0,"[[39, 125], [146, 63], [146, 187]]",97,211,244,227,23,25,36,39,63,146,187,1,0
multi_test,images/multi_test/multi_002.jpg,2,square,1,locked_multi,640,349.0,456.0,177,315.0,"[[224, 456], [349, 331], [474, 456], [349, 581]]",151,207,229,210,97,51,52,224,331,474,581,1,0
multi_test,images/multi_test/multi_002.jpg,0,circle,2,locked_multi,640,422.0,137.0,174,30.0,[],87,216,221,244,44,56,84,335,50,509,224,1,0
multi_test,images/multi_test/multi_003.jpg,1,triangle,0,locked_multi,640,263.0,165.0,146,150.0,"[[305, 238], [178, 165], [305, 92]]",110,212,228,206,82,75,103,178,92,305,238,1,0
multi_test,images/multi_test/multi_003.jpg,2,square,1,locked_multi,640,159.0,373.0,123,270.0,"[[98, 434], [97, 312], [220, 312], [220, 434]]",112,210,220,213,120,120,120,97,312,220,434,1,0
multi_test,images/multi_test/multi_003.jpg,0,circle,2,locked_multi,640,443.0,249.0,123,315.0,[],61,219,219,237,120,120,120,382,188,504,310,1,0
multi_test,images/multi_test/multi_004.jpg,0,circle,0,locked_multi,640,552.0,204.0,156,180.0,[],78,237,232,222,91,48,52,474,126,630,282,1,0
multi_test,images/multi_test/multi_004.jpg,1,triangle,1,locked_multi,640,336.0,141.0,160,150.0,"[[382, 221], [243, 141], [382, 61]]",118,206,239,237,74,68,91,243,61,382,221,1,0
multi_test,images/multi_test/multi_004.jpg,2,square,2,locked_multi,640,288.0,351.0,110,60.0,"[[308, 276], [363, 371], [268, 426], [213, 331]]",103,205,205,228,97,89,98,213,276,363,426,1,0
multi_test,images/multi_test/multi_005.jpg,2,square,0,locked_multi,640,352.0,496.0,106,270.0,"[[299, 549], [299, 443], [405, 443], [405, 549]]",100,221,222,228,102,81,102,299,443,405,549,1,0
multi_test,images/multi_test/multi_005.jpg,0,circle,1,locked_multi,640,376.0,175.0,188,315.0,[],94,240,219,230,32,58,30,282,81,470,269,1,0
multi_test,images/multi_test/multi_005.jpg,1,triangle,2,locked_multi,640,245.0,277.0,114,150.0,"[[278, 334], [179, 277], [278, 220]]",92,212,232,244,51,46,80,179,220,278,334,1,0
multi_test,images/multi_test/multi_006.jpg,1,triangle,0,locked_multi,640,336.0,357.0,117,60.0,"[[395, 323], [336, 425], [277, 323]]",93,241,239,222,96,25,33,277,323,395,425,1,0
multi_test,images/multi_test/multi_006.jpg,2,square,1,locked_multi,640,468.0,258.0,164,150.0,"[[580, 288], [438, 370], [356, 228], [498, 146]]",141,234,237,205,120,120,120,356,146,580,370,1,0
multi_test,images/multi_test/multi_006.jpg,0,circle,2,locked_multi,640,314.0,122.0,169,90.0,[],84,233,244,242,103,33,73,230,38,398,206,1,0
multi_test,images/multi_test/multi_007.jpg,1,triangle,0,locked_multi,640,312.0,364.0,190,225.0,"[[234, 442], [283, 258], [418, 393]]",136,237,212,227,87,60,76,234,258,418,442,1,0
multi_test,images/multi_test/multi_007.jpg,0,circle,1,locked_multi,640,77.0,314.0,135,0.0,[],67,242,231,230,79,93,38,10,247,144,381,1,0
multi_test,images/multi_test/multi_007.jpg,2,square,2,locked_multi,640,384.0,182.0,159,270.0,"[[304, 262], [304, 103], [464, 102], [464, 262]]",138,239,219,232,77,89,52,304,102,464,262,1,0
multi_test,images/multi_test/multi_008.jpg,1,triangle,0,locked_multi,640,328.0,471.0,189,0.0,"[[328, 361], [423, 526], [233, 526]]",135,224,230,218,120,120,120,233,361,423,526,1,0
multi_test,images/multi_test/multi_008.jpg,0,circle,1,locked_multi,640,454.0,227.0,149,270.0,[],74,227,242,232,120,120,120,380,153,528,301,1,0
multi_test,images/multi_test/multi_008.jpg,2,square,2,locked_multi,640,132.0,261.0,128,315.0,"[[41, 261], [132, 170], [223, 261], [132, 352]]",116,217,224,242,102,71,92,41,170,223,352,1,0
multi_test,images/multi_test/multi_009.jpg,0,circle,0,locked_multi,640,447.0,118.0,191,120.0,[],95,220,228,239,32,24,75,352,23,542,213,1,0
multi_test,images/multi_test/multi_009.jpg,1,triangle,1,locked_multi,640,286.0,255.0,136,120.0,"[[354, 294], [218, 294], [286, 176]]",104,223,243,240,71,92,96,218,176,354,294,1,0
multi_test,images/multi_test/multi_009.jpg,2,square,2,locked_multi,640,246.0,115.0,114,225.0,"[[246, 196], [165, 115], [246, 34], [327, 115]]",106,229,234,222,70,26,41,165,34,327,196,1,0
multi_test,images/multi_test/multi_010.jpg,1,triangle,0,locked_multi,640,481.0,282.0,190,30.0,"[[536, 187], [536, 377], [371, 282]]",136,240,218,211,50,82,50,371,187,536,377,1,0
multi_test,images/multi_test/multi_010.jpg,0,circle,1,locked_multi,640,404.0,171.0,107,315.0,[],53,224,239,231,34,80,81,351,118,457,224,1,0
multi_test,images/multi_test/multi_010.jpg,2,square,2,locked_multi,640,434.0,477.0,167,120.0,"[[548, 446], [465, 591], [320, 508], [403, 363]]",144,221,224,216,97,50,47,320,363,548,591,1,0
multi_test,images/multi_test/multi_011.jpg,0,circle,0,locked_multi,640,120.0,282.0,184,315.0,[],92,228,226,218,52,98,61,28,190,212,374,1,0
multi_test,images/multi_test/multi_011.jpg,1,triangle,1,locked_multi,640,410.0,159.0,114,45.0,"[[457, 112], [427, 223], [346, 142]]",92,236,221,209,120,120,120,346,112,457,223,1,0
multi_test,images/multi_test/multi_011.jpg,2,square,2,locked_multi,640,311.0,263.0,129,0.0,"[[246, 198], [376, 198], [376, 328], [246, 328]]",117,205,225,238,71,61,100,246,198,376,328,1,0
multi_test,images/multi_test/multi_012.jpg,2,square,0,locked_multi,640,437.0,302.0,181,150.0,"[[561, 335], [404, 426], [313, 269], [470, 178]]",153,225,231,217,73,73,56,313,178,561,426,1,0
multi_test,images/multi_test/multi_012.jpg,0,circle,1,locked_multi,640,518.0,518.0,119,225.0,[],59,232,230,210,22,56,65,459,459,577,577,1,0
multi_test,images/multi_test/multi_012.jpg,1,triangle,2,locked_multi,640,286.0,172.0,142,150.0,"[[327, 243], [204, 172], [327, 101]]",108,241,244,220,120,120,120,204,101,327,243,1,0
multi_test,images/multi_test/multi_013.jpg,0,circle,0,locked_multi,640,403.0,370.0,176,45.0,[],88,227,224,244,68,36,89,315,282,491,458,1,0
multi_test,images/multi_test/multi_013.jpg,2,square,1,locked_multi,640,137.0,471.0,110,180.0,"[[192, 526], [82, 526], [82, 416], [192, 416]]",103,232,244,227,120,120,120,82,416,192,526,1,0
multi_test,images/multi_test/multi_013.jpg,1,triangle,2,locked_multi,640,401.0,182.0,122,90.0,"[[472, 182], [366, 243], [366, 121]]",96,212,217,242,69,55,27,366,121,472,243,1,0
multi_test,images/multi_test/multi_014.jpg,0,circle,0,locked_multi,640,423.0,455.0,149,270.0,[],74,224,206,226,120,120,120,349,381,497,529,1,0
multi_test,images/multi_test/multi_014.jpg,1,triangle,1,locked_multi,640,309.0,341.0,107,60.0,"[[363, 310], [309, 403], [255, 310]]",88,245,214,206,96,100,50,255,310,363,403,1,0
multi_test,images/multi_test/multi_014.jpg,2,square,2,locked_multi,640,308.0,191.0,159,180.0,"[[388, 270], [228, 270], [228, 112], [388, 111]]",138,233,227,206,51,63,101,228,111,388,270,1,0
multi_test,images/multi_test/multi_015.jpg,2,square,0,locked_multi,640,385.0,350.0,200,270.0,"[[285, 450], [285, 250], [485, 250], [485, 450]]",167,206,208,216,120,120,120,285,250,485,450,1,0
multi_test,images/multi_test/multi_015.jpg,1,triangle,1,locked_multi,640,480.0,137.0,137,180.0,"[[480, 216], [411, 97], [549, 97]]",105,235,244,218,91,69,89,411,97,549,216,1,0
multi_test,images/multi_test/multi_015.jpg,0,circle,2,locked_multi,640,98.0,178.0,109,90.0,[],54,206,209,242,33,102,42,44,124,152,232,1,0
multi_test,images/multi_test/multi_016.jpg,0,circle,0,locked_multi,640,347.0,522.0,190,150.0,[],95,208,205,205,37,88,61,252,427,442,617,1,0
multi_test,images/multi_test/multi_016.jpg,2,square,1,locked_multi,640,221.0,170.0,162,60.0,"[[251, 59], [332, 200], [191, 281], [110, 140]]",140,241,215,230,32,28,45,110,59,332,281,1,0
multi_test,images/multi_test/multi_016.jpg,1,triangle,2,locked_multi,640,193.0,433.0,186,90.0,"[[301, 433], [139, 526], [139, 340]]",133,222,234,231,71,35,93,139,340,301,526,1,0
multi_test,images/multi_test/multi_017.jpg,0,circle,0,locked_multi,640,520.0,468.0,171,120.0,[],85,209,208,210,120,120,120,435,383,605,553,1,0
multi_test,images/multi_test/multi_017.jpg,2,square,1,locked_multi,640,168.0,357.0,149,120.0,"[[270, 330], [195, 459], [66, 384], [141, 255]]",131,207,223,215,72,24,20,66,255,270,459,1,0
multi_test,images/multi_test/multi_017.jpg,1,triangle,2,locked_multi,640,444.0,248.0,108,150.0,"[[475, 302], [381, 248], [475, 194]]",88,207,235,241,96,20,87,381,194,475,302,1,0
multi_test,images/multi_test/multi_018.jpg,2,square,0,locked_multi,640,271.0,328.0,140,180.0,"[[341, 398], [201, 398], [201, 258], [341, 258]]",124,211,213,219,120,120,120,201,258,341,398,1,0
multi_test,images/multi_test/multi_018.jpg,0,circle,1,locked_multi,640,401.0,191.0,137,90.0,[],68,225,209,210,62,34,84,333,123,469,259,1,0
multi_test,images/multi_test/multi_018.jpg,1,triangle,2,locked_multi,640,312.0,526.0,136,45.0,"[[368, 470], [332, 602], [236, 506]]",104,226,237,234,120,120,120,236,470,368,602,1,0
multi_test,images/multi_test/multi_019.jpg,2,square,0,locked_multi,640,406.0,228.0,154,150.0,"[[511, 256], [378, 333], [301, 200], [434, 123]]",134,219,226,236,98,20,56,301,123,511,333,1,0
multi_test,images/multi_test/multi_019.jpg,0,circle,1,locked_multi,640,562.0,296.0,123,120.0,[],61,239,212,223,89,67,77,501,235,623,357,1,0
multi_test,images/multi_test/multi_019.jpg,1,triangle,2,locked_multi,640,185.0,187.0,189,225.0,"[[107, 265], [157, 81], [291, 215]]",135,225,237,223,78,38,48,107,81,291,265,1,0
multi_test,images/multi_test/multi_020.jpg,1,triangle,0,locked_multi,640,262.0,444.0,169,225.0,"[[193, 513], [237, 349], [357, 469]]",124,215,218,221,83,93,83,193,349,357,513,1,0
multi_test,images/multi_test/multi_020.jpg,0,circle,1,locked_multi,640,326.0,163.0,110,45.0,[],55,208,213,230,101,57,76,271,108,381,218,1,0
multi_test,images/multi_test/multi_020.jpg,2,square,2,locked_multi,640,407.0,328.0,151,315.0,"[[300, 328], [407, 221], [514, 328], [407, 435]]",132,207,236,205,120,120,120,300,221,514,435,1,0
multi_test,images/multi_test/multi_021.jpg,1,triangle,0,locked_multi,640,390.0,393.0,136,315.0,"[[334, 337], [466, 373], [370, 469]]",104,206,229,241,26,30,37,334,337,466,469,1,0
multi_test,images/multi_test/multi_021.jpg,0,circle,1,locked_multi,640,225.0,250.0,105,315.0,[],52,223,218,216,87,63,36,173,198,277,302,1,0
multi_test,images/multi_test/multi_021.jpg,2,square,2,locked_multi,640,457.0,120.0,122,45.0,"[[457, 34], [543, 120], [457, 206], [371, 120]]",112,244,228,245,101,70,78,371,34,543,206,1,0
multi_test,images/multi_test/multi_022.jpg,2,square,0,locked_multi,640,256.0,185.0,111,225.0,"[[256, 263], [178, 185], [256, 107], [334, 185]]",104,242,206,228,120,120,120,178,107,334,263,1,0
multi_test,images/multi_test/multi_022.jpg,1,triangle,1,locked_multi,640,458.0,173.0,149,0.0,"[[458, 87], [533, 216], [383, 216]]",112,230,223,218,120,120,120,383,87,533,216,1,0
multi_test,images/multi_test/multi_022.jpg,0,circle,2,locked_multi,640,387.0,425.0,123,315.0,[],61,237,219,231,86,61,91,326,364,448,486,1,0
multi_test,images/multi_test/multi_023.jpg,2,square,0,locked_multi,640,271.0,384.0,179,315.0,"[[144, 384], [271, 257], [398, 384], [271, 511]]",152,225,221,218,78,90,38,144,257,398,511,1,0
multi_test,images/multi_test/multi_023.jpg,0,circle,1,locked_multi,640,133.0,126.0,191,225.0,[],95,222,207,223,79,53,35,38,31,228,221,1,0
multi_test,images/multi_test/multi_023.jpg,1,triangle,2,locked_multi,640,257.0,213.0,144,0.0,"[[257, 129], [329, 255], [185, 255]]",109,241,245,215,120,120,120,185,129,329,255,1,0
multi_test,images/multi_test/multi_024.jpg,2,square,0,locked_multi,640,257.0,210.0,172,60.0,"[[288, 93], [374, 241], [226, 327], [140, 179]]",147,243,214,224,30,21,36,140,93,374,327,1,0
multi_test,images/multi_test/multi_024.jpg,0,circle,1,locked_multi,640,495.0,188.0,150,225.0,[],75,244,241,222,64,102,51,420,113,570,263,1,0
multi_test,images/multi_test/multi_024.jpg,1,triangle,2,locked_multi,640,402.0,408.0,197,120.0,"[[501, 465], [303, 465], [402, 294]]",140,229,210,237,41,58,101,303,294,501,465,1,0
multi_test,images/multi_test/multi_025.jpg,1,triangle,0,locked_multi,640,313.0,269.0,187,120.0,"[[407, 323], [219, 323], [313, 161]]",134,237,232,216,102,32,51,219,161,407,323,1,0
multi_test,images/multi_test/multi_025.jpg,0,circle,1,locked_multi,640,159.0,200.0,198,225.0,[],99,229,225,244,96,81,61,60,101,258,299,1,0
multi_test,images/multi_test/multi_025.jpg,2,square,2,locked_multi,640,303.0,450.0,109,315.0,"[[226, 450], [303, 373], [380, 450], [303, 527]]",103,235,230,229,84,57,25,226,373,380,527,1,0
multi_test,images/multi_test/multi_026.jpg,1,triangle,0,locked_multi,640,153.0,336.0,165,150.0,"[[201, 419], [57, 336], [201, 253]]",121,234,213,245,35,88,94,57,253,201,419,1,0
multi_test,images/multi_test/multi_026.jpg,0,circle,1,locked_multi,640,259.0,575.0,113,120.0,[],56,224,239,236,23,100,37,203,519,315,631,1,0
multi_test,images/multi_test/multi_026.jpg,2,square,2,locked_multi,640,390.0,290.0,126,315.0,"[[301, 290], [390, 201], [479, 290], [390, 379]]",115,206,212,236,104,26,97,301,201,479,379,1,0
multi_test,images/multi_test/multi_027.jpg,0,circle,0,locked_multi,640,234.0,239.0,204,180.0,[],102,243,225,235,43,29,38,132,137,336,341,1,0
multi_test,images/multi_test/multi_027.jpg,1,triangle,1,locked_multi,640,375.0,403.0,143,150.0,"[[416, 475], [292, 403], [416, 331]]",108,210,219,228,77,63,23,292,331,416,475,1,0
multi_test,images/multi_test/multi_027.jpg,2,square,2,locked_multi,640,455.0,170.0,152,120.0,"[[559, 142], [483, 274], [351, 198], [427, 66]]",133,240,205,244,120,120,120,351,66,559,274,1,0
multi_test,images/multi_test/multi_028.jpg,2,square,0,locked_multi,640,168.0,421.0,179,30.0,"[[135, 299], [290, 388], [201, 543], [46, 454]]",152,240,205,208,77,59,65,46,299,290,543,1,0
multi_test,images/multi_test/multi_028.jpg,1,triangle,1,locked_multi,640,292.0,281.0,107,0.0,"[[292, 219], [346, 312], [238, 312]]",88,209,231,222,120,120,120,238,219,346,312,1,0
multi_test,images/multi_test/multi_028.jpg,0,circle,2,locked_multi,640,479.0,357.0,195,315.0,[],97,216,215,226,27,50,61,382,260,576,454,1,0
multi_test,images/multi_test/multi_029.jpg,2,square,0,locked_multi,640,358.0,513.0,119,120.0,"[[439, 491], [380, 594], [277, 535], [336, 432]]",110,228,228,212,102,96,60,277,432,439,594,1,0
multi_test,images/multi_test/multi_029.jpg,1,triangle,1,locked_multi,640,315.0,197.0,184,45.0,"[[390, 122], [343, 300], [212, 169]]",132,218,210,235,120,120,120,212,122,390,300,1,0
multi_test,images/multi_test/multi_029.jpg,0,circle,2,locked_multi,640,460.0,401.0,165,225.0,[],82,238,220,239,69,98,101,378,319,542,483,1,0
train,images/train/repeated_000.jpg,0,circle,0,repeated_class,640,162.0,362.0,151,120.0,[],75,227,206,241,69,47,88,87,287,237,437,1,0
train,images/train/repeated_000.jpg,0,circle,1,repeated_class,640,491.0,500.0,195,120.0,[],97,235,225,236,29,32,70,394,403,588,597,1,1
train,images/train/repeated_001.jpg,1,triangle,0,repeated_class,640,270.0,406.0,163,90.0,"[[365, 406], [223, 488], [223, 324]]",120,234,205,217,56,48,90,223,324,365,488,1,0
train,images/train/repeated_001.jpg,1,triangle,1,repeated_class,640,354.0,255.0,111,90.0,"[[418, 255], [322, 311], [322, 199]]",90,216,232,226,56,65,66,322,199,418,311,1,0
train,images/train/repeated_002.jpg,2,square,0,repeated_class,640,479.0,370.0,174,315.0,"[[356, 370], [479, 247], [602, 370], [479, 493]]",149,229,245,211,120,120,120,356,247,602,493,1,0
train,images/train/repeated_002.jpg,2,square,1,repeated_class,640,157.0,149.0,163,225.0,"[[157, 264], [42, 149], [157, 34], [272, 149]]",141,228,238,245,86,22,66,42,34,272,264,1,1
train,images/train/repeated_003.jpg,0,circle,0,repeated_class,640,555.0,502.0,152,180.0,[],76,208,224,223,120,120,120,479,426,631,578,1,1
train,images/train/repeated_003.jpg,0,circle,1,repeated_class,640,363.0,291.0,169,45.0,[],84,233,220,242,53,58,59,279,207,447,375,1,0
train,images/train/repeated_004.jpg,1,triangle,0,repeated_class,640,480.0,383.0,192,315.0,"[[401, 304], [588, 354], [451, 491]]",137,208,215,225,31,91,61,401,304,588,491,1,1
train,images/train/repeated_004.jpg,1,triangle,1,repeated_class,640,309.0,200.0,139,150.0,"[[349, 270], [228, 200], [349, 130]]",106,241,221,208,120,120,120,228,130,349,270,1,0
train,images/train/repeated_005.jpg,2,square,0,repeated_class,640,206.0,459.0,198,225.0,"[[206, 599], [66, 459], [206, 319], [346, 459]]",166,243,212,224,37,50,24,66,319,346,599,1,0
train,images/train/repeated_005.jpg,2,square,1,repeated_class,640,274.0,176.0,161,150.0,"[[384, 205], [245, 286], [164, 147], [303, 66]]",139,221,228,223,120,120,120,164,66,384,286,1,1
train,images/train/repeated_006.jpg,0,circle,0,repeated_class,640,110.0,496.0,173,30.0,[],86,212,215,238,31,52,61,24,410,196,582,1,1
train,images/train/repeated_006.jpg,0,circle,1,repeated_class,640,405.0,479.0,131,150.0,[],65,227,222,243,23,82,104,340,414,470,544,1,0
train,images/train/repeated_007.jpg,1,triangle,0,repeated_class,640,488.0,196.0,151,120.0,"[[564, 240], [412, 240], [488, 108]]",113,209,208,235,99,93,44,412,108,564,240,1,1
train,images/train/repeated_007.jpg,1,triangle,1,repeated_class,640,233.0,466.0,171,30.0,"[[283, 380], [283, 552], [134, 466]]",125,242,227,211,22,68,62,134,380,283,552,1,1
train,images/train/repeated_008.jpg,2,square,0,repeated_class,640,199.0,290.0,107,0.0,"[[146, 236], [252, 236], [252, 344], [146, 344]]",101,228,210,205,51,44,83,146,236,252,344,1,0
train,images/train/repeated_008.jpg,2,square,1,repeated_class,640,346.0,481.0,128,0.0,"[[282, 417], [410, 417], [410, 545], [282, 545]]",116,226,212,230,120,120,120,282,417,410,545,1,0
train,images/train/repeated_009.jpg,0,circle,0,repeated_class,640,443.0,495.0,121,30.0,[],60,208,242,223,120,120,120,383,435,503,555,1,0
train,images/train/repeated_009.jpg,0,circle,1,repeated_class,640,211.0,134.0,190,45.0,[],95,208,239,214,82,38,53,116,39,306,229,1,1
train,images/train/repeated_010.jpg,1,triangle,0,repeated_class,640,174.0,288.0,151,45.0,"[[236, 226], [197, 373], [89, 265]]",113,234,244,208,79,93,84,89,226,236,373,1,0
train,images/train/repeated_010.jpg,1,triangle,1,repeated_class,640,361.0,158.0,140,225.0,"[[304, 215], [340, 80], [439, 179]]",107,242,223,220,104,104,70,304,80,439,215,1,1
train,images/train/repeated_011.jpg,2,square,0,repeated_class,640,206.0,185.0,192,0.0,"[[110, 89], [302, 89], [302, 281], [110, 281]]",161,209,206,226,91,46,37,110,89,302,281,1,0
train,images/train/repeated_011.jpg,2,square,1,repeated_class,640,189.0,491.0,127,180.0,"[[252, 554], [126, 554], [126, 428], [252, 428]]",115,220,231,239,120,120,120,126,428,252,554,1,1
train,images/train/repeated_012.jpg,0,circle,0,repeated_class,640,476.0,479.0,163,90.0,[],81,217,215,238,69,28,52,395,398,557,560,1,0
train,images/train/repeated_012.jpg,0,circle,1,repeated_class,640,127.0,525.0,179,315.0,[],89,214,223,244,76,95,50,38,436,216,614,1,0
train,images/train/repeated_013.jpg,1,triangle,0,repeated_class,640,349.0,267.0,171,150.0,"[[399, 353], [250, 267], [399, 181]]",125,244,240,210,60,64,74,250,181,399,353,1,0
train,images/train/repeated_013.jpg,1,triangle,1,repeated_class,640,206.0,405.0,127,270.0,"[[132, 405], [243, 341], [243, 469]]",99,215,237,210,52,104,52,132,341,243,469,1,0
train,images/train/repeated_014.jpg,2,square,0,repeated_class,640,470.0,416.0,190,150.0,"[[600, 451], [435, 546], [340, 381], [505, 286]]",160,206,243,232,46,62,23,340,286,600,546,1,0
train,images/train/repeated_014.jpg,2,square,1,repeated_class,640,182.0,185.0,203,270.0,"[[81, 286], [80, 84], [284, 83], [284, 286]]",169,223,208,235,120,120,120,80,83,284,286,1,1
train,images/train/hard_circle_000.jpg,0,circle,0,hard_single,640,103.0,213.0,143,90.0,[],71,229,232,229,42,61,30,32,142,174,284,1,1
train,images/train/hard_circle_001.jpg,0,circle,0,hard_single,640,109.0,424.0,135,30.0,[],67,225,209,236,120,120,120,42,357,176,491,1,0
train,images/train/hard_circle_002.jpg,0,circle,0,hard_single,640,236.0,314.0,176,270.0,[],88,228,205,233,120,120,120,148,226,324,402,1,0
train,images/train/hard_circle_003.jpg,0,circle,0,hard_single,640,497.0,505.0,202,90.0,[],101,214,209,235,75,82,69,396,404,598,606,1,1
train,images/train/hard_circle_004.jpg,0,circle,0,hard_single,640,238.0,277.0,142,120.0,[],71,232,232,234,120,120,120,167,206,309,348,1,0
train,images/train/hard_circle_005.jpg,0,circle,0,hard_single,640,368.0,242.0,179,150.0,[],89,209,241,233,75,91,43,279,153,457,331,1,0
train,images/train/hard_circle_006.jpg,0,circle,0,hard_single,640,472.0,109.0,130,150.0,[],65,229,244,230,120,120,120,407,44,537,174,1,1
train,images/train/hard_circle_007.jpg,0,circle,0,hard_single,640,359.0,259.0,190,90.0,[],95,211,228,230,65,61,61,264,164,454,354,1,0
train,images/train/hard_circle_008.jpg,0,circle,0,hard_single,640,525.0,545.0,110,45.0,[],55,225,221,241,68,73,54,470,490,580,600,1,0
train,images/train/hard_circle_009.jpg,0,circle,0,hard_single,640,394.0,541.0,113,0.0,[],56,238,237,214,120,120,120,338,485,450,597,1,1
train,images/train/hard_triangle_000.jpg,1,triangle,0,hard_single,640,355.0,486.0,165,30.0,"[[403, 403], [403, 569], [259, 486]]",121,208,210,205,120,120,120,259,403,403,569,1,1
train,images/train/hard_triangle_001.jpg,1,triangle,0,hard_single,640,424.0,167.0,191,270.0,"[[313, 167], [479, 71], [479, 263]]",136,242,238,235,73,36,22,313,71,479,263,1,0
train,images/train/hard_triangle_002.jpg,1,triangle,0,hard_single,640,474.0,281.0,187,45.0,"[[551, 204], [502, 386], [369, 253]]",134,217,233,237,72,92,47,369,204,551,386,1,0
train,images/train/hard_triangle_003.jpg,1,triangle,0,hard_single,640,148.0,273.0,145,225.0,"[[89, 332], [126, 192], [229, 295]]",110,238,206,228,68,37,27,89,192,229,332,1,1
train,images/train/hard_triangle_004.jpg,1,triangle,0,hard_single,640,331.0,164.0,159,225.0,"[[266, 229], [307, 75], [420, 188]]",118,214,227,207,71,35,67,266,75,420,229,1,0
train,images/train/hard_triangle_005.jpg,1,triangle,0,hard_single,640,502.0,440.0,131,90.0,"[[578, 440], [464, 506], [464, 374]]",101,234,232,238,51,55,81,464,374,578,506,1,0
train,images/train/hard_triangle_006.jpg,1,triangle,0,hard_single,640,513.0,312.0,119,60.0,"[[573, 277], [513, 381], [453, 277]]",95,214,235,220,120,120,120,453,277,573,381,1,1
train,images/train/hard_triangle_007.jpg,1,triangle,0,hard_single,640,518.0,299.0,116,225.0,"[[470, 347], [501, 234], [583, 316]]",93,241,218,237,120,120,120,470,234,583,347,1,0
train,images/train/hard_triangle_008.jpg,1,triangle,0,hard_single,640,213.0,242.0,195,180.0,"[[213, 355], [115, 185], [311, 185]]",139,210,234,240,58,37,81,115,185,311,355,1,0
train,images/train/hard_triangle_009.jpg,1,triangle,0,hard_single,640,122.0,108.0,120,120.0,"[[182, 143], [62, 143], [122, 38]]",95,207,210,211,70,87,86,62,38,182,143,1,1
train,images/train/hard_square_000.jpg,2,square,0,hard_single,640,480.0,124.0,128,60.0,"[[503, 37], [567, 147], [457, 211], [393, 101]]",116,207,213,206,80,87,75,393,37,567,211,1,1
train,images/train/hard_square_001.jpg,2,square,0,hard_single,640,152.0,352.0,107,180.0,"[[206, 406], [98, 406], [98, 298], [206, 298]]",101,218,232,239,37,72,58,98,298,206,406,1,0
train,images/train/hard_square_002.jpg,2,square,0,hard_single,640,376.0,178.0,201,60.0,"[[413, 41], [513, 215], [339, 315], [239, 141]]",168,241,224,219,65,64,98,239,41,513,315,1,0
train,images/train/hard_square_003.jpg,2,square,0,hard_single,640,516.0,129.0,121,90.0,"[[576, 68], [576, 190], [456, 190], [456, 68]]",111,241,245,229,40,62,64,456,68,576,190,1,1
train,images/train/hard_square_004.jpg,2,square,0,hard_single,640,277.0,371.0,198,0.0,"[[178, 272], [376, 272], [376, 470], [178, 470]]",166,218,219,224,120,120,120,178,272,376,470,1,0
train,images/train/hard_square_005.jpg,2,square,0,hard_single,640,454.0,255.0,171,60.0,"[[485, 138], [571, 286], [423, 372], [337, 224]]",146,208,225,244,34,60,22,337,138,571,372,1,0
train,images/train/hard_square_006.jpg,2,square,0,hard_single,640,121.0,131.0,119,150.0,"[[202, 153], [99, 212], [40, 109], [143, 50]]",110,211,207,244,120,120,120,40,50,202,212,1,1
train,images/train/hard_square_007.jpg,2,square,0,hard_single,640,197.0,297.0,118,0.0,"[[138, 238], [256, 238], [256, 356], [138, 356]]",109,220,233,244,24,43,46,138,238,256,356,1,0
train,images/train/hard_square_008.jpg,2,square,0,hard_single,640,407.0,427.0,145,45.0,"[[407, 324], [510, 427], [407, 530], [304, 427]]",128,235,242,205,120,120,120,304,324,510,530,1,0
train,images/train/hard_square_009.jpg,2,square,0,hard_single,640,140.0,270.0,136,0.0,"[[72, 202], [208, 202], [208, 338], [72, 338]]",122,216,212,224,59,85,85,72,202,208,338,1,1
